#TSS co-ordinate SL1344	Strand	SL1344 identifier	common gene name
139	p	SL0001	thrL
148	p	SL0001	thrL
2920	p	SL0003	thrB
3755	p	SL0004	thrC
5686	p	SL0005	yaaA
7483	m	SL0006	yaaJ
7523	p	SL0007	talB
7619	p	SL0007	talB
8703	p	SL0008	mog
9950	m	SL0009	yaaH
9971	p	SL0009	yaaH
10011	m	SL0009	yaaH
11322	m	SL0011	yaaI
11479	p	SL0012	dnaK
11553	p	SL0012	dnaK
16493	m	STnc3200	
17025	p	STnc3210	
17964	p	SL0018	chiA
24273	p	SL0021	bcfA
25822	m	SL0022	bcfB
27254	m	SL0023	bcfC
27748	m	SL0023	bcfC
28979	m	SL0024	bcfD
29825	m	SL0025	bcfE
30339	m	SL0026	bfcF
36214	p	SL0033	
38239	m	SL0034	
38577	p	SL0034	
39090	p	SL0035	
41629	p	STnc1010	
44204	p	SL0039	
45888	p	SL0040	nhaA
46018	p	SL0040	nhaA
46122	p	SL0040	nhaA
46158	p	SL0040	nhaA
48214	m	SL0041	nhaR
48433	m	SL0042	
52158	p	SL0045	yaaY
52583	m	SL0044	rpsT
52672	m	SL0044	rpsT
52849	p	SL0046	ribF
56399	p	SL0048	lspA
56528	p	SL0048	lspA
59458	p	SL0051	
60605	p	SL0052	rihC
61807	p	STnc3220	
62908	m	SL0054	citA2
63434	m	SL0054	citA2
66916	p	STnc3090	
71992	m	SL0062	citF2
73932	p	SL0065	dapB
73988	p	SL0065	dapB
74847	p	DapZ	
75015	m	STnc3230	
75783	p	SL0067	carA
80468	p	SL0069	caiF
83991	m	SL0072	caiC
92562	p	SL0080	yaaU
93574	p	SL0081	
94100	p	SL0082	
94112	p	SL0082	
95102	p	STnc4170	
95382	m	SL0083	
95947	p	SL0084	
95965	p	SL0084	
100815	p	SL0088	folA
101483	m	STnc3240	
102276	m	SL0089	apaH
102291	p	SL0090	apaG
102842	m	SL0090	apaG
103091	m	SL0090	apaG
103130	m	SL0091	ksgA
103644	m	SL0091	ksgA
103692	p	SL0092	pdxA
107850	p	SL0094	imp
108220	m	SL0094	imp
108304	m	SL0094	imp
108316	m	SL0094	imp
108324	p	SL0095	djlA
113046	m	SL0097	hepA
113106	m	SL0097	hepA
115460	m	SL0098	polB
116052	m	SL0099	
116128	m	SL0099	
116627	p	SL0100	
117789	m	SL0101	araD
121475	p	SL0104	araC
122527	p	SL0105	yabI
122585	p	SL0105	yabI
126802	m	SroA	
126895	p	SL0109	yabN
128547	m	SL0109	yabN
128577	p	SgrS	
128995	m		
133941	m	SL0114	leuL
135802	p	SL0116	ilvI
137658	p	SL0117	ilvH
138274	m	STnc1500	
138281	p	SL0118	fruR
139679	p	SL0119	mraZ
139906	p	SL0119	mraZ
141689	m	SL0121	ftsL
149685	p	SL0128	murG
152498	p	SL0130	ddl
152566	p	SL0130	ddl
153123	p	SL0131	ftsQ
153253	p	SL0131	ftsQ
156887	p	SL0134	lpxC
158081	p	SL0135	yacA
160519	p	SL0136	secA
161417	p	SL0137	mutT
162506	m	SL0138	yacG
163300	m	SL0139	yacF
163935	m	SL0140	coaE
163988	m	SL0140	coaE
164007	p	SL0141	guaC
169304	m	SL0145	nadC
169327	p	SL0146	ampD
170943	m	SL0148	
173489	m	SL0149	
174901	m	SL0150	aroP
175198	p	SL0151	pdhR
175261	p	SL0151	pdhR
180940	p	SL0154	lpdA
185745	p	SL0159	acnB
189389	p	SL0161	yacL
189419	m	SL0160	
189553	p	SL0161	yacL
190157	p	SL0162	kdgT
193196	p	SL0165	
193360	p	SL0165	
195192	p	SL0167	speE
195912	m	SL0167	speE
196349	m	SL0168	yacC
196499	p	SL0169	cueO
196504	m	SL0168	yacC
199110	m	SL0170	gcd
200644	m	SL0170	gcd
200741	p	SL0171	hpt
201031	p	SL0171	hpt
201302	p	SL0171	hpt
201462	p	SL0172	yadF
202041	m	SL0172	yadF
202067	p	SL0173	yadG
202101	m	SL0172	yadF
202791	m	SL0173	yadG
208396	p	SL0178	stiA
209257	p	SL0179	yadI
209767	p	SL0180	yadE
209971	m	STnc4190	
211469	m	SL0181	panD
211519	m	SL0181	panD
215415	m	SL0185	pcnB
216735	p	SL0187	dksA
216901	m	SL0187	dksA
217132	m	SL0187	dksA
217322	m	SL0187	dksA
218298	m	SL0189	ligT
220480	p	SL0191	mrcB
223676	m	STnc3250	
223680	p	SL0192	fhuA
226977	p	SL0194	fhuD
227039	p	SL0194	fhuD
230185	m		
231286	p	SL0197	stfC
237091	p	STnc1510	
238519	m	SL0203	hemL
238537	p	SL0204	yadQ
239577	p	SL0204	yadQ
240111	p	SL0205	yadR
241011	p	SL0206	yadS
241303	m	SL0206	yadS
241377	m	SL0206	yadS
242785	m	SL0208	pfs
242876	p	SL0209	dgt
243660	p	SL0209	dgt
243714	m	SL0209	dgt
244039	p	SL0210	htrA
244441	p	SL0210	htrA
244448	p	SL0210	htrA
246049	p	SL0211	cdaR
247726	m	SL0212	yaeH
247913	p	SL0213	
247971	p	SL0213	
248024	m	SL0212	yaeH
248960	p	SL0213	
249153	p	STnc3110	
250139	m	SL0214	dapD
253119	m	SL0215	glnD
253889	m	SL0216	map
254126	p	t44	
257033	p	SL0220	frr
257086	p	SL0220	frr
260604	p	SL0224	yaeL
261774	p	SL0224	yaeL
261798	p	SL0224	yaeL
264828	p	SL0226	hlpA
266079	p	SL0227	lpxD
266145	p	SL0227	lpxD
267220	p	SL0229	lpxA
272694	p	SL0233	accA
272743	p	SL0233	accA
272829	p	SL0233	accA
274993	p	SL0234	
275994	p	SL0235	ldcC
278195	p	SL0236	yaeR
278642	p	SL0237	mesJ
280139	m	SL0238	rof
280527	m	SL0239	yaeP
280561	m	SL0239	yaeP
280584	p	SL0240	yaeQ
280665	p	SL0240	yaeQ
281385	p	SL0241	yaeJ
284237	m	SL0243	proS
284388	m	SL0244	yaeB
285092	m	SL0224	yaeB
285422	m	SL0245	rcsF
285531	m	SL0245	rcsF
285587	m	SL0245	rcsF
286407	m	SL0246	metQ
288115	m	SL0248	abc
288208	p	SL0249	yaeD
298151	p	SL0253	yafD
298160	p	SL0253	yafD
301308	m	SL0255	dniR
301555	p	SL0256	gloB
301943	p	SL0257	yafS
302111	p	SL0257	yafS
303264	p	SL0259	dnaQ
303348	p	SL0259	dnaQ
303848	m	SL0259	dnaQ
328710	m	SL0282	
335662	p	SL0286	
336867	p	SL0287	
337000	p	SL0288	sciX
337112	p	SL0288	sciX
339272	p	SL0291	
340214	p	SL0293	
341932	p	SL295	safA
347905	p	SL0300	sinR
348004	p	SL0300	sinR
349421	m	SL0302	pagN
349511	m	SL0302	pagN
349691	m	SL0302	pagN
350123	m	SL0302	pagN
350159	p		
350260	p		
351992	m	SL0304	yafV
353196	m	SL0305	fadE
353200	m	SL0305	fadE
353440	m	SL0305	fadE
354563	m	SL0305	fadE
354699	p	SL0306	ghmA
354728	p	SL0306	ghmA
355453	m	SL0306	ghmA
356321	p	SL0308	yafK
357107	m	SL0308	yafK
357155	m	SL0308	yafK
357260	p	SL0309	dbh
357566	p	SL0309	dbh
358401	p	SL0310	
358599	p	SL0310	
358631	m	SL0310	
361530	p	SL0312	pepD
361986	m	SL0312	pepD
362099	p	SL0313	gpt
362677	p	SL0314	frsA
363987	p	SL0315	crl
365022	p	SL0316	phoE
365757	p	SL0317	proB
370206	p	SL0322	
370668	m		
374081	m	SL0325	leuD2
375384	m	SL0326	
376115	p	STnc3270	
379734	m	SL0332	stbD
381314	p	SL0333	stbC
381550	p	SL0333	stbC
385010	p	SL0336	
385054	p	SL0336	
386135	p	SL0337	
386381	p	STnc1700	
386492	p	SL0338	
387604	p	SL0338	
388229	p	SL0339	
391338	m	SL0343	
391397	m	SL0343	
393458	p	SL0346	
400810	m	SL0349	
401249	p	SL0351	
401251	m	SL0350	
402753	p	SL0352	mod
407911	p	SL0354	
409536	p	SL0356	
409697	p	SL0356	
410957	p	SL0358	
411113	m	SL0358	
414872	m	SL0360	yahN
414946	m	SL0360	yahN
414961	m	SL0360	yahN
415097	p	SL0361	yahO
418463	m	STnc3280	
418464	p	SL0364	prpC
424164	m	SL0367	hemB
427584	p	SL0369	yaiV
429530	m	SL0370	ampH
429665	p	SL0371	sbmA
430788	m	SL0371	sbmA
432569	m	SL0373	yaiY
432612	m	SL0373	yaiY
432757	p	SL0374	yaiZ
432935	p	SL0374	yaiZ
433345	m	SL0375	ddlA
435054	p	SL0377	
436361	p	SL0378	yaiB
436396	p	SL0378	yaiB
436441	p	SL0378	yaiB
436569	p	SL0378	yaiB
437082	m	STnc4150	
437138	p	SL0379	psiF
439584	m	SL0381	proC
439661	m	SL0381	proC
440204	p	SL0383	aroL
440279	p	SL0383	aroL
440880	p	SL0384	yaiA
441214	p	SL0385	aroM
441267	p	SL0385	aroM
442066	p	SL0386	yaiE
443357	m	SL0387	rdgC
443427	p	SL0388	yajF
450090	m	SL0391	sbcD
450249	p	SL0392	phoB
450287	p	SL0392	phoB
451024	m	SL0392	phoB
452570	p	SL0394	brnQ
453849	p	SL0395	proY
453902	p	SL0395	proY
455626	p	SL0396	malZ
458200	m	SL0397	tsaA
458451	m	SL0397	tsaA
459020	p	SL0399	queA
460090	p	SL0400	tgt
461285	p	SL0401	yajC
461374	p	SL0401	yajC
463625	p	SL0403	secF
466015	p	SL0406	yajD
466650	p		
466783	m	STnc1060	
467963	m	SL0407	tsx
468724	p	SL0409	nrdR
468751	m	SL0408	yajI
468850	p	SL0409	nrdR
469165	p	SL0410	ribD
470486	p	SL0411	ribH
470566	m	SL0411	ribH
474085	m	SL0415	yajO
476901	m	SL0417	ispA
477176	m	SL0418	xseB
477272	p	SL0419	thiI
477350	m	SL0418	xseB
486480	m	SL0427	thiJ
487212	m	SL0428	apbA
487250	p	SL0429	yajQ
487259	m	SL0428	apbA
487278	p	SL0429	yajQ
489226	m	SL0430	yajR
489329	p	SL0431	
489761	m	SL0430A	
497676	m	SL0437	cyoA
500226	m	SL0439	yajG
500367	p	SL0440	bolA
500439	p	SL0440	bolA
500450	p	SL0440	bolA
500851	p	SL0441	tig
501010	p	SL0441	tig
502595	p	SL0442	clpP
502623	p	SL0442	clpP
504954	p	SL0444	lon
507473	p	SL0445	hupB
507535	p	SL0445	hupB
507992	p	SL0446	cypD
513653	m	SL0450	ybaE
513687	p	SL0451	cof
514919	m	SL0452	
515728	p	SL0453	ybaO
515849	p	SL0453	ybaO
519959	p	SL0456	glnK
522665	m	SL0458	tesB
522771	p	SL0459	ybaY
523775	m	SL0460	ybaZ
523885	p	4.5S rRNA(STM0467)	
524149	p	SL0461	ylaB
524226	m	SL0461	ylaB
524754	m	SL0461	ylaB
525640	m	SL0461	ylaB
525681	m	SL0461	ylaB
526128	p	SL0463	rpmJ
526811	m	SL0464	ylaC
526902	p	SL0465	maa
527215	m	SL0465	maa
527341	p	SL0465	maa
527454	m	SL0465	maa
527599	m	SL0465	maa
527643	m	SL0465	maa
528041	m	SL0466	hha
528164	m	SL0466	hha
528328	m	SL0467	ybaJ
528361	m	SL0467	ybaJ
528507	m	SL0467	ybaJ
528634	m	SL0467	ybaJ
531989	p	SL0469	acrA
533179	m	SL0469	acrA
533197	p	SL0470	acrR
533460	m	SL0469	acrA
533507	m	SL0469	acrA
533567	m	SL0469	acrA
533586	m	SL0469	acrA
533970	p	SL0471	aefA
539108	m	SL0474	priC
539178	p	SL0476	apt
539206	m	SL0474	priC
539629	p	SL0476	apt
540358	p	SL0477	dnaX
542177	p	SL0478	ybaB
543368	m	SL0479	recR
543369	p	SL0480	hptG
543441	m	SL0480	hptG
545385	m	STnc3130	
545487	p	SL0481	adk
546378	p	SL0482	hemH
548458	p	SL0484	gsk
549958	p	SL0485	ybaL
551548	m	SL0485	ybaL
553005	m	SL0486	fsr
553098	p	SL0487	ushA
555450	p	ChiX (MicM)	
556385	m	SL0489	ybaP
559960	p	SL0492	cueR
559996	m	SL0491	copA
561876	m	SL0494	ybbK
561920	m	SL0494	ybbK
561944	p	SL0495	ybbL
563312	p	SL0496	ybbM
564381	m	SL0497	ybbN
565241	p	SL0499	tesA
565768	p	SL0500	ybbA
565991	m	SL0499	tesA
569004	m	SL0501	ybbP
569170	p	SL0502	
569812	m	SL0502	
570517	p	SL0503	sfbA
573477	m	SL0506	ybbB
574268	m	SL0506	ybbB
575431	p	SL0508	allA
576005	p	SL0509	allR
579241	m	SL0511	gip
589453	p	SL0521	allD
595473	p	SL0525	arcC
595683	m	SL0526	purK
595701	p	SL0526	purK
597155	m	SL0527	purE
597731	p	SL0528	lpxH
598505	m	SL0529	ppiB
598578	p	SL0530	cysS
598589	p	SL0530	cysS
603097	m	SL0535	folD
603340	m	SL0535	folD
604155	p	SL0537	fimI
610922	p	SL0543	fimY
612453	m	SL0544	
612821	m	SL0545	fimW
616438	p	SL0548	gtrBa
617235	m	SL0548	gtrBa
617317	p	STnc1870	
618015	m		
618026	p	SL0550	
619652	m	SL0551	ykgD
623518	m	SL0555	
623659	p	SL0556	pheP
626278	m	SL0557	ybdG
626391	m	SL0557	ybdG
626522	m	SL0557	ybdG
630379	p	SL0559	
638242	m	SL0568	ramR
638338	p	SL0569	ramA
639123	m	SL0570	ybdJ
640308	m	SL0571	ybdK
640394	p	SL0572	entD
643392	m	SL0573	fepA
643443	p	SL0574	fes
649040	p	SL0577	fepE
650141	p	SL0577	fepE
653085	p	SL0581	ybdA
653105	m	SL0580	fepD
653130	p	SL0581	ybdA
655463	m	SL0582	fepB
655565	p	SL0583	entC
655584	m	SL0582	fepB
660661	p	SL0588	cstA
660725	p	SL0588	cstA
664315	m	SL0590	ybdH
664351	p	SL0591	ybdL
666431	p	SL0593	ybdN
667587	m	SL0593	ybdN
668551	m	SL0594	ybdO
668611	p	STnc3180	
668841	p	SL0595	dsbG
669542	p	STnc070	
669873	p	SL0596	ahpC
669913	p	SL0596	ahpC
677325	m	SL0602	ybdQ
679410	m	sRNA10	
680315	m	SL0605	rna
680420	p	SL0606	citT
681895	p	SL0607	citG
689990	m	STnc3550	
691628	p	SL0616	pagP
692360	p	SL0617	cspE
692779	m	SL0618	ccrB
693081	m	SL0618	ccrB
693987	p	SL0620	tatE
694014	p	SL0620	tatE
695400	m	SL0621	lipA
695730	m	SL0621	lipA
696497	m	SL0622	ybeF
696680	m	SL0622	ybeF
697449	m	SL0623	lipB
697531	p	SL0624	ybeD
697721	m	SL0624	ybeD
697843	m	SL0624	ybeD
699140	m	SL0625	dacA
704254	m	SL0630	ybeB
704319	m	SL0630	ybeB
704407	m	SL0630	ybeB
705262	m	SL0631	cobC
708600	m	SL0635	rlpB
709171	m	SL0636	leuS
709266	m	SL0636	leuS
711179	m	SL0636	leuS
711381	p	SL0637	
712984	p	SL0639	
713869	p	SL0640	
714648	p	SL0640	
715934	m	SL0640	
715951	p	SL0641	ybeL
716827	p	SL0642	ybeQ
723502	p	SL0648	hscC
723648	m	SL0648	hscC
729315	m	SL0654	gltI
729491	m	SL0654	gltI
732191	m	SL0657	ybeY
733744	m	SL0658	phoL
733784	m	SL0658	phoL
735358	m	SL0659	miaB
735438	m	SL0659	miaB
735443	p	SL0660	ubiF
737310	m	SL0661	
738320	p	STnc3290	
740059	m	SL0662	asnB
741083	m	SL0663	nagD
742036	p	SL0664	nagC
742596	m	SL0664	nagC
742990	m	SL0665	nagA
743944	m	SL0665	nagA
744055	p	SL0666	nagB
744380	m	SL0666	nagB
744430	m	SL0666	nagB
744564	p	SL0667	nagE
746802	p	SL0668	glnS
748635	m	STnc3300	
748856	p	SL0669	ybfM
754710	p	SL0674	
755715	m	SL0674	
756326	m	SL0675	fur
756432	m	SL0675	fur
757031	p	SL0676	fldA
757125	m	SL0676	fldA
757565	m	SL0677	ybfE
758449	m	SL0678	ybfF
758466	p	SL0679	seqA
758566	p	SL0679	seqA
758898	p	SL0680	pgm
759559	p	SL0680	pgm
765503	m	SL0683	speF
766500	m	SL0684	kdpE
766667	m	SL0684	kdpE
773563	m	SL0668A	kdpF
773787	p	SL0689	ybfA
774153	p	SL0690	phrB
774419	m	SL0690	phrB
777282	m	SL0691	ybgH
777411	p	SL0692	ybgI
780537	m	SL0695	ybgL
780639	m	SL0695	ybgL
780677	p	SL0696	
780996	m	SL0696	
781016	p	SL0697	fimB
781034	p	SL0697	fimB
781645	m	SL0697	fimB
793221	p	SL0710	nei
795262	m	SL0711	abrB
795282	m	SL0711	abrB
796999	m	SL0712	gltA
797019	m	SL0712	gltA
797179	p	SL0714	sdhC
800770	p	SL0718	sucA
800904	p	SL0718	sucA
801109	m	SL0718	sucA
807346	p	RybD	
808651	p	SL0722	cydA
808685	p	SL0722	cydA
812318	p	SL0726	ybgC
819407	p	SL0733	nadA
820529	p	SL0734	pnuC
820593	p	SL0734	pnuC
822234	m	SL0735	ybgR
822241	p	SL0736	ybgS
822243	m	SL0735	ybgR
822857	m	SL0736	ybgS
822967	p	SL0737	aroG
822987	p	SL0737	aroG
824941	p	SL0739	
825210	m	SL0739	
825511	p	SL0740	
825676	p	SL0740	
827567	m	SL0741	
832594	m	SL0746	
835827	p	SL0749	gpmA
836406	m	SL0749	gpmA
836444	m	SL0749	gpmA
838096	m	SL0750	galM
840396	p	SL0753	galE
840877	m	SL0753	galE
840882	m	SL0753	galE
840973	m	SL0753	galE
842813	p	SL0755	modF
843266	m	SL0755	modF
843654	m	SL0755	modF
844503	m	SL0756	modE
844591	p	SL0757	ybhT
844835	p	SL0758	modA
848123	p	SL0762	ybhE
850899	m	SL0763	ybhC
850983	m	SL0763	ybhC
851064	p	SL0764	hutI
854054	m	SL0766	hutC
854112	m	SL0766	hutC
854135	p	SL0767	hutU
858009	m	SL0769	ybhB
859371	m	SL0770	bioA
859382	p	SL0771	bioB
863391	m	STnc3340	
863548	p	SL0775	uvrB
863658	p	SL0775	uvrB
864420	p	SL0775	uvrB
866177	p	SL0776	slrP
866444	m	SL0776	slrP
867457	m	SL0776	slrP
868316	m	SL0776	slrP
868437	p	SL0776	slrP
869520	m	SL0777	ybhK
869594	m	SL0777	ybhK
869676	p	SL0778	moaA
869761	p	SL0778	moaA
872620	p	SL0783	ybhL
878392	m	SL0789	ybhP
878459	p	SL0790	ybhQ
878468	p	SL0790	ybhQ
884639	m	SL0795	ybiH
884754	p	SL0796	rhlE
886387	p	SL0797	dinG
888470	p	SL0798	ybiB
890026	m	SL0799	ybiJ
890554	m	SL0800	ybiI
895208	p	SL0804	glnP
896313	m	SL0805	glnH
896464	m	SL0805	glnH
897292	m	SL0806	dps
897357	m	SL0806	dps
897429	m	SL0806	dps
898476	m	SL0807	ybiF
898557	p	SL0808	ompX
898567	p	SL0808	ompX
898762	p	SL0808	ompX
901069	m	SL0809	ybiP
901397	m	RybA	
901487	p	SL0810	
904132	m	SL0812	ybiS
904203	m	SL0812	ybiS
905929	m	SL0813	ybiT
905965	m	SL0813	ybiT
907820	p		
909529	p	SL0818	ybiV(1)
909693	p	SL0818	ybiV(1)
909873	p	SL0818	ybiV(1)
916236	m	SL0822	moeA
916339	p	SL0823	ybiK
916362	m	SL0822	moeA
924149	m	SL0828	rimO
924301	p	SL0829	bssR
924314	p	SL0829	bssR
924838	m	STnc1200	
927674	m	SL0832	
928205	p	SL0833	
932127	p	STnc1710	
932197	p	STnc1710	
932729	m	SL0836	
932745	p	SL0836	
934563	m	SL0838	yliJ
934578	p	SL0839	dacC
934609	m	SL0838	yliJ
934650	p	SL0839	dacC
936807	m	SL0840	deoR
937590	m	SL0841	ybjG
937633	p	SL0842	mdfA
937855	p	SL0842	mdfA
941092	m	SL0844	
941893	m	RybB	
943723	p	SL0847	ybjM
943784	m	SL0846	
944631	m	SL0848	grxA
944748	p	SL0849	ybjC
945792	p	SL0852	rimK
946780	p	SL0853	ybjN
947499	p	SL0854	potF
947504	p	SL0854	potF
951804	p	SL0858	ybjO
952347	p	SL0859	rumB
955390	m	SL0861	
957972	m	SL0863	artJ
961067	m	SL0867	artP
961119	m	SL0867	artP
961140	m	SL0867	artP
961643	p	SL0869	orfB
961777	p	SL0869	orfB
961825	p	SL0869	orfB
961832	m	SL0868	ybjP
964135	m	SL0871	
966594	m	SL0873	ltaA
966633	m	SL0873	ltaA
968390	m	SL0874	poxB
972229	m	SL0877	ybjE
972361	p	SL0878	ybjD
974644	p	SL0879	ybjY
975026	m	SL0879	ybjX
978332	p	SL0882	cspD
978647	m	SL0882	cspD
978818	p	SL0883	clpS
979049	p	SL0884	clpA
985857	p	SL0890	
987137	m	SL0891	infA
987370	m	SL0892	
988148	m	SL0893	aat
991687	m	SL0895	cydD
992761	m	SL0896	trxB
993011	p	SL0897	lrp
993819	p	SL0898	ftsK
1000128	p	SL0901	serS
1001754	p	SL0902	dmsA
1006145	p	SL0905	ycaD
1007398	p	SL0906	ycaM
1007517	p	SL0906	ycaM
1009379	m	STnc3310	
1010207	m	SL0907	pflA
1010222	m	SL0907	pflA
1010322	m	SL0907	pflA
1010548	p	SL0909	sopD2
1010550	p	SL0909	sopD2
1014888	m	SL0911	focA
1014899	m	SL0911	focA
1017139	p	SL0913	ycaP
1017979	p	SL0914	serC
1018050	m	SL0914	serC
1020766	m	SL0916	ycaL
1021440	p	SL0917	cmk
1021524	p	SL0917	cmk
1022078	p	SL0918	rpsA
1022222	p	SL0918	rpsA
1024113	p	SL0919	himD
1024591	m	STnc3330	
1026975	p	SL0921	msbA
1031023	p	SL0924	ycaR
1032162	p	SL0926	
1032421	p	SL0926	
1033875	m	SL0927	ycbC
1033894	p	SL0928	smtA
1033933	p	SL0928	smtA
1035931	p	SL0930	mukE
1041436	p	SL0932	ycbB
1041469	p	SL0932	ycbB
1043389	m	SL0932	ycbB
1043457	p	SL0933	ycbK
1043557	p	SL0933	ycbK
1044188	p	SL0934	ycbL
1046168	m	SL0935	aspC
1046198	m	SL0935	aspC
1047551	m	SL0936	ompF
1047936	p	STnc3350	
1049254	m	SL0937	asnCa
1049261	p	SL0937	asnCa
1049505	m	SL0937	asnCa
1050228	m	SL0938	
1054658	m	SL0941	pncB
1054691	m	SL0941	pncB
1055099	p	SL0942	
1055773	p	STnc4200	
1056111	m	SL0942	
1060741	p	isrB-1	
1062027	m	SL0950	
1062121	p	SL0951	C1
1062806	m	STnc1080	
1065141	p	SL0956	
1065267	p	SL0956	
1065431	m	SL0956	
1065843	p	SL0957	
1065845	p	SL0957	
1066471	p	SL0958	
1068926	p	SL0962	
1070194	m	SL0964	
1070457	m	SL0964	
1071216	m	SL0965	gtgA
1085878	m	SL0981	
1087199	m	SL0983	sodCa
1097117	m	SL0991	sseI
1099602	m	SL0995	gtgE
1099614	p	SL0995	gtgE
1099753	p	SL0096	rluA
1100063	m	SL0996	gtgF
1100431	p	SL0997	pepN
1101248	p	SL0997	pepN
1102987	p	SL0997	pepN
1104358	p	SL0999	ycbW
1106133	m	SL1000	
1106180	p	SL1001	rlmL
1112350	m	SL1004	pqiB
1112936	m	SL1004	pqiB
1113815	m	STnc3390	
1113831	p	SL1006	rmf
1114775	m	SL1007	fabA
1116605	m	SL1008	lonH
1116736	m	SL1008	lonH
1116737	p	SL1009	ycbG
1118472	m	SL1010	ompA
1118549	m	SL1010	ompA
1119189	m	SL1011	sulA
1119234	m	SL1011	sulA
1119368	p	SL1012	sxy
1121708	m	SL1013	yccS
1122664	m	SL1014	
1122728	p	SL1015	helD
1123796	p	SL1015	helD
1125326	m	SL1016	msgA
1126123	m	SL1017	yccT
1126136	p	SL1018	
1126214	p	SL1018	
1127032	m	SL1019	yccV
1127158	m	SL1019	yccV
1128351	m	SL1020	yccW
1130527	m	SL1024	yccK
1131280	m	SL1025	yccA
1131800	p	SL1026	pipA
1132284	m	SL1026	pipA
1133695	m	SL1027	pipB
1133876	m	SL1027	pipB
1136295	m	SL1030	sopB
1136541	p	SL1031	orfX
1137800	p	SL1033	pipD
1138446	m	SL1033	pipD
1138456	m	SL1033	pipD
1138539	p	SL1034	copS
1140639	m	SL1035	copR
1140680	m	SL1035	copR
1140725	p	SL1036	
1144344	m	SL1039	hpaR
1153745	p	STnc1880	
1154417	m	SL1049	
1154915	p	STnc3400	
1156297	m	SL1051	cbpA
1156332	m	SL1051	cbpA
1156457	p	SL1052	scsA
1159994	p	SL1056	agp
1162188	m	SL1058	wrbA
1162299	p	SL1059	ymdF
1162430	p	SL1059	ymdF
1162809	p	SL1060	ycdC
1167924	m	SL1062	putA
1168170	p	SL1063	putP
1170160	m		
1170291	p	SL1064	phoH
1170379	p	SL1064	phoH
1171484	m	SL1064	phoH
1172385	p	SL1065	
1172531	m	SL1065	
1172766	p	SL1066	
1175757	p	SL1068	
1178252	p	SL1070	
1179784	p	SL1071	
1181143	p	SL1072	ycdW
1182286	m	SL1073	ycdX
1183534	m	SL1074	ycdY
1183644	p	SL1075	ycdZ
1186665	m	SL1079	csgD
1188216	m	SL1081	csgA
1188529	p	SL1083	ymdA
1189126	p	SL1084	
1189626	p	SL1085	ymdC
1189852	p	SL1085	ymdC
1190000	p	SL1085	ymdC
1192325	m	SL1086	mdoC
1192347	m	SL1086	mdoC
1192479	p	SL1087	mdoG
1192502	p	SL1087	mdoG
1192739	m	SL1087	mdoG
1197337	m	SL1090	msyB
1198646	p	STnc3040	
1198660	m	SL1091	yceE
1199704	m	SL1092	htrB
1199793	p	SL1093	yceA
1199825	p	SL1093	yceA
1199859	p	SL1093	yceA
1202172	m	SL1095	yceJ
1202211	m	SL1095	yceJ
1203703	m	SL1097	solA
1204115	m	SL1098	bssS
1204124	m	SL1098	bssS
1204602	m	SL1099	dinI
1205738	m	SL1100	pyrC
1206391	m	SL1101	yceB
1206403	p		
1207166	m	SL1102	grxB
1208439	m	SL1103	yceL
1208607	p	SL1104	rimJ
1210895	p	SL1107	mviN
1213533	m	SL1109	flgM
1213566	m	SL1109	flgM
1214257	m	SL1110	flgA
1214363	p	SL1111	flgB
1221586	p	SL1120	flgK
1228061	m	SL1122	ams
1228095	m	SL1122	ams
1228273	p	SL1123	rluC
1229340	p	SL1124	
1231246	m	SL1126	maf-a
1231270	p	SraB	
1231321	m	SL1126	maf-a
1231413	p	SL1127	yceD
1232415	m	SL1129	plsX
1232469	m	SL1129	plsX
1235629	p	SL1132	fabG
1236152	p	SL1133	acpP
1236163	p	SL1133	acpP
1237924	p	SL1135	pabC
1238471	p	SL1136	yceG
1239531	p	SL1137	tmk
1241892	p	SL1139	ycfH
1242406	p	SL1140	ptsG
1246484	p	SL1142	ycfF
1246491	p	SL1142	ycfF
1248257	p	SL1146	nagZ
1248444	p	SL1146	nagZ
1249599	p	SL1147	ycfP
1249670	p	SL1147	ycfP
1250501	p	SL1148	ndh
1252055	p	SL1149	ycfJ
1252795	m	SL1150	ycfQ
1253357	m	SL1150	ycfQ
1253515	p	SL1151	ycfR
1254936	m	SL1152	ycfS
1255077	m	STnc3410	
1255869	m	SL1153	mfd
1258615	m	SL1153	mfd
1258794	p	SL1154	ycfU
1261080	m	SL1156	ycfW
1265806	m	SL1160	potC
1266222	m	SL1161	sifA
1266430	m	SL1161	sifA
1267073	m	SL1161	sifA
1269005	m	SL1163	potA
1269375	m	SL1163	potA
1269451	p	SL1164	pepT
1269538	p	SL1164	pepT
1270703	p	SL1165	
1272245	p	SL1165	
1276239	m	SL1169	phoP
1276250	m	SL1169	phoP
1278580	m	SL1171	ycfC
1279576	m	SL1172	mnmA
1279578	m	SL1172	mnmA
1281059	m	SL1175	rluB
1281075	p	SL1176	icdA
1281123	p	SL1176	icdA
1282751	p	SL1177	
1282796	p	SL1177	
1283756	m	SL1177	
1286584	m	SL1180	msgA
1286653	m	SL1180	msgA
1287451	m	SL1181	envE
1287920	m	SL1182	cspH
1288331	m	SL1183	pagD
1288534	p	SL1184	pagC
1288546	p	SL1184	pagC
1289799	m	STnc3420	
1290349	p		
1290674	m	STnc520	
1291272	p		
1291360	m	SL1185	pliC
1291469	m	SL1185	pliC
1291605	m	SL1185	pliC
1292128	m		
1292311	p	SL1187	
1292720	p	SL1187	
1292935	m	STnc1760	
1293128	p	SL1188	
1293961	p	SL1188	
1294206	p	SL1188	
1294855	m	SL1189	
1295057	m	STnc3430	
1295582	m	SL1190	
1295954	p	SL1191	
1302002	m	SL1196	
1302143	p	SL1197	
1302663	p	SL1198	
1303294	p	STnc3440	
1303412	p	SL1199	aadA
1304297	p	SL1200	
1305018	p	SL1201	
1306458	m	SL1202	
1306643	m	SL1203	
1306685	p	SL1204	aroQ
1307410	p	SL1205	yeaS
1308149	m		
1308211	p	SL1206	yeaR
1308517	p	SL1207	yoaG
1308528	m		
1309823	m	RyhB2	
1309937	m	RyhB2	
1309950	p	SL1210	yeaQ
1310500	m		
1310648	p	SL1211	yaoF
1310955	p	SL1212	
1311683	m	SL1213	yeaO
1313016	p	SL1215	yeaM
1314455	m	SL1216	yeaL
1315776	p	SL1218	yeaJ
1316151	p	SL1218	yeaJ
1316658	m	SL1218	yeaJ
1316753	m	SL1218	yeaJ
1316856	m	SL1218	yeaJ
1316874	p	STnc1480	
1318626	m	SL1219	yeaH
1320361	p	SL1220	yeaG
1320607	m	SL1220	yeaG
1320781	m	SL1220	yeaG
1320958	p	SL1221	mipA
1320981	p	SL1221	mipA
1321012	p	SL1221	mipA
1323312	p	SL1223	
1325422	p		
1326695	m	SL1225	gapA
1326785	m	SL1225	gapA
1326798	p	SL1226	yeaA
1326848	p	SL1226	yeaA
1331677	m	SL1230	sppA
1331684	p	SL1231	ydjA
1332440	p	SL1232	selD
1336897	m	SL1234	gdhA
1337044	p	SL1235	
1338630	m	SL1237	xthA
1338989	p	SL1238	argD
1345198	p	SL1243	spy
1345306	p	SL1243	spy
1345883	p	STnc1640	
1346874	m	SL1244	
1347835	m	SL1245	nadE
1347991	p	SL1246	osmE
1348551	p	SL1247	celA
1350200	p	SL1249	celC
1351281	m	SL1250	celD
1352794	p	SL1252	celG
1353228	p	SL1252	celG
1356272	m	SL1253	katE
1356394	p	SL1254	cedA
1358372	m	SL1255	ydjN
1358418	p	SL1256	ydjM
1359183	m	STnc3570	
1359767	p	SL1258	yniB
1359891	p	SL1258	yniB
1359900	m	SL1257	yniC
1359917	m	SL1257	yniC
1360005	m	SL1257	yniC
1361476	m	SL1259	
1362894	m	SL1261	pfkB
1363077	p	SL1262	ydiY
1363846	p	STnc3460	
1363997	m	STnc4210	
1365160	m	SL1263	
1365294	p	SL1265	
1365437	p	SL1265	
1365578	m	SL1265	
1366344	p	SL1330A	
1368274	p		
1368311	m	SL1266	rfc
1368901	p	SL1267	thrS
1369915	p	SL1267	thrS
1370279	p	SL1267	thrS
1370806	p	SL1268	infC
1372317	p	SL1271	pheS
1375286	p	SL1272	pheT
1375554	p	SL1272	himA
1375754	p	SL1272	himA
1376399	p	SL1274	btuC
1377453	p	SL1275	btuE
1377482	p	SL1275	btuE
1377561	p	SL1275	btuE
1378846	p	SL1277	nlpC
1379378	p	SL1278	ydiV
1379421	p	SL1278	ydiV
1379443	p	SL1278	ydiV
1379519	p	SL1278	ydiV
1380416	p	SL1279	ydiU
1382122	m	SL1280	ydiE
1383348	m	SL1281	aroH
1383421	m	SL1281	aroH
1384315	m	SL1282	ydiA
1384327	m	SL1282	ydiA
1384573	p	SL1283	pps
1386714	p	SL1283	pps
1391292	m	SL1287	ydiR
1393672	m	SL1290	ydiO
1394056	m	SL1290	ydiO
1397357	m	SL1292	aroD
1401560	p		
1401790	m	RprA	
1403154	m	SL1298	ydiK
1403170	p	SL1299	ydiJ
1403188	m	SL1298	ydiK
1403251	p	SL1299	ydiJ
1406074	p	SL1300	
1406895	p	SL1301	ydiH
1408824	m	SL1302	
1409050	p	SL1303	sufA
1409134	p	SL1303	sufA
1414696	p	SL1309	ynhG
1416059	m	SL1310	lppB
1416505	m	SL1311	lpp
1418155	m	SL1312	pykF
1418288	m	SL1312	pykF
1418419	m	SL1312	pykF
1428091	p	SL1320	ttrS
1428115	p	SL1320	ttrS
1430647	p	SL1322	orf70
1431977	m	SL1323	orf319
1432000	m	SL1323	orf319
1432093	p	SL1324	orf242
1432863	m	SL1324	orf242
1433807	m	SL1325	ssrB
1435601	p	SL1326	spiR
1436618	m	SL1326	spiR
1436769	m	SL1326	spiR
1436851	p	SL1327	ssaB
1440133	p	SL1331	sseA
1440984	m	SL1332	sseBa
1446354	p	SL1340	ssaG
1448790	m	STnc1220	
1450132	p	SL1347	ssaM
1455570	p	SL1353	ssaR
1460188	p	SL1358	ribE
1460269	m	SL1357	norM
1460370	p	SL1358	ribE
1462268	m	SL1359	cfa
1462446	m	SL1359	cfa
1463761	m	SL1360	ydhC
1463814	p	SL1361	ydhB
1464870	m	STnc4220	
1465951	m	SL1362	purR
1466054	p	SL1362A	yhnF
1466899	m	SL1363	sodB
1467849	m	SL1364	ydhO
1468041	p	SL1365	ydhD
1469228	m	SL1366	rnt
1469736	m	SL1367	gloA
1471533	m	SL1369	ydhM
1471611	p	SL1370	ydhL
1471902	p	SL1371	ydhF
1472878	p	SL1372	sodCb
1476540	p	SL1376	slyA
1476605	m	SL1375	ydhI
1476635	m	SL1375	ydhI
1477733	m	SL1377	slyB
1477787	m	SL1377	slyB
1477812	m	SL1377	slyB
1479085	p	SL1379	mliC
1479120	p	SL1379	mliC
1479529	p	SL1380	pdxH
1480274	p	SL1381	tyrS
1482931	p	SL1383	gst
1483222	m	SL1383	gst
1484900	m	SL1384	tppB
1485753	m	SL1385	nth
1491804	m	SL1391	rnfA
1492080	m	SL1391	rnfA
1492346	m	SL1392	ydgK
1492616	p	SL1393	ydgT
1492747	m	SL1393	ydgT
1493063	m	SL1393A	blr
1493211	p	SL1394	ydgJ
1495375	m	SL1395	add
1495398	p	STnc3500	
1497624	m	SL1396	ydgA
1498870	m	SL1397	manA
1498969	p	SL1398	fumA
1499004	m	SL1397	manA
1503208	m	SL1401	tus
1504631	m	SL1402	rstB
1506596	m	STnc3510	
1508895	m	SL1405	rstA
1508971	p	SL1406	ydgC
1509575	m	SL1407	ydgI
1510856	m	SL1407	ydgI
1512079	m	SL1408	ydgH
1512434	p	SL1409	pntA
1515641	m	SL1410	pntB
1516822	p	SL1412	ydgF
1518687	m	SL1414	
1519208	m	SL1415	asr
1519287	p	STnc3480	
1520858	m	SL1416	ynfM
1520905	p	SL1417	ynfL
1521918	p	SL1418	mlc
1523249	p	SL1419	bioDb
1525268	m	SL1420	clcB
1525331	p	SL1421	
1527167	p	SL1422	
1528900	m	SL1424	
1529965	m	SL1425	ynfI
1533729	p	SL1429	dmsA1
1534664	p	SL1429	dmsA1
1534697	p	SL1429	dmsA1
1536316	m	SL1429	dmsA1
1536609	p	SL1431	ynfC
1536732	m	SL1430	ynfD
1536788	p	SL1431	ynfC
1538542	m	SL1433	ynfB
1544637	m	SL1439	ydfZ
1544717	m	SL1439	ydfZ
1545552	m	SL1440	ydfH
1546429	m	SL1441	ydfG
1546519	p	SL1442	dcp
1548865	p	SL1443	
1549800	m	SL1444	ydeJ
1550156	p	SL1445	ydeI
1550213	m	SL1445	ydeI
1550746	p	STnc560 (MgrR)	
1551066	m		yneM
1552539	m	SL1446	ydeE
1554812	m	SL1450	marR
1554915	p	SL1451	marC
1555011	p	SL1451	marC
1555216	p	SL1451	marC
1556978	m	SL1452	sotB
1557956	m	SL1453	yneJ
1559467	p	SL1455	yneH
1561014	p	SL1457	
1561265	p	SL1457	
1568411	m	SL1465	hyaD2
1568927	m	SL1466	hyaC2
1571786	m	SL1468	hyaA2
1573070	m	SL1469	
1573200	p	SL1470	
1573409	p	SL1470	
1577956	m	SL1473	pqaA
1578169	m	SL1473	pqaA
1581031	p	SL1476	
1583310	m	SL1478	
1583959	m	SL1480	
1587013	m	IsrF	
1588723	p	SL1485	
1588785	m	SL1484	
1594058	p	SL1488	
1600805	m	SL1492	hdeB
1600874	p	SL1492	hdeB
1600917	m	SL1492	hdeB
1601077	m	SL1492	hdeB
1601547	m	SL1493	osmC
1601743	m	SL1493	osmC
1601773	p	SL1494	yddX
1601950	p	SL1494	yddX
1601980	p	SL1494	yddX
1602269	p	SL1495	rpsV
1602588	p	SL1496	sfcA
1604459	m	SL1496	sfcA
1604532	p	SL1497	adhP
1605912	m	STnc3540	
1610421	m	SL1500	fdnG
1611583	p	SL1503	ompD
1611957	p	SL1503	ompD
1615189	m	SL1505	smvA
1615247	p	SL1506	
1615960	p	SL1507	narU
1616249	m	SL1507	narU
1624279	p	SL1512	yddE
1626058	p	SL1513	nhoA
1626133	m	SL1513	nhoA
1626336	m	SL1513	nhoA
1626457	p	SL1514	steA
1626912	p	SL1514	steA
1627035	m	SL1514	steA
1629319	p	SL1517	
1630580	m	SL1517	
1630592	m	SL1517	
1630723	p	SL1518	yncD
1633879	m	SL1519	yncC
1635012	m	SL1520	yncB
1635172	p	SL1521	yncA
1635791	p	SL1522	ydcZ
1636435	m	SL1523	ydcY
1636599	p	SL1524	srfA
1641378	m	SL1526	srfC
1641905	p	SL1526	srfC
1643418	m	SL1527	ydcX
1645162	m	SL1528	ydcW
1646705	m	SL1529	ydcR
1647622	m	SL1530	pcgL
1648172	p	SL1531	ugtL
1648668	m	SL1531	ugtL
1648679	m	SL1531	ugtL
1648758	p	SL1532	sifB
1648981	p	SL1532	sifB
1652484	m	SL1534	ydcP
1653082	m	SL1535	ydcN
1653134	p	SL1536	
1655091	m	SL1537	
1655415	m	SL1537	
1655509	m	SL1537	
1656836	m	SL1539	tehA
1656895	p	SL1538	ydcK
1656948	m	SL1539	tehA
1658462	m	SL1541	rimL
1658510	m	SL1541	rimL
1658617	p	SL1542	
1662282	m	STnc1120 (RyjB)	
1663615	m	SL1548	
1663630	p	SL1548	
1665395	p	SL1550	
1668412	m	SL1552	ydcG
1670093	m	SL1553	
1671479	m	SL1554	
1671681	p	SL1555	ydcI
1671748	p	SL1555	ydcI
1674401	m	SL1556	trg
1674780	m	SL1556	trg
1675969	m	SL1558	
1675971	m	SL1558	
1676281	p	SL1559	steB
1677919	m	SL1560	
1678112	p	SL1561	sseJ
1679500	p	SL1562	
1680392	p	SL1563	
1684854	m	SL1567	
1684992	p	SL1567	
1685719	p	SL1568	
1686526	p	RydC	
1687232	m	SL1569	cybB
1692136	m	SL1571	hrpA
1692352	m	SL1571	hrpA
1693371	m	SL1573	
1696183	p	SL1577	ldhA
1696685	m	SL1576	ydbH
1696764	m	SL1576	ydbH
1696792	p	SL1577	ldhA
1696841	p	SL1577	ldhA
1696902	m	SL1576	ydbH
1697954	p	SL1578	hslJ
1698739	m	SL1579	
1698914	p	SL1581	nifJ
1702639	m	MicC	
1702962	p	SL1582	ynaF
1703838	m	SL1583	
1703950	p	SL1585	ydaO
1706549	m	SL1586	dbpA
1706905	m	STnc580 (FnrS)	
1708009	m	SL1587	zntB
1708850	p	SL1588	
1709318	m	SL1588	
1710285	m	SL1589	ydaL
1710445	p	SL1590	ogt
1711141	p	SL1591	fnr
1711201	p	SL1591	fnr
1712096	p	SL1592	ydaA
1713418	m	SL1593	ynaJ
1713577	p	SL1594	ynaI
1715373	m	SL1595	
1722513	p	SL1602	
1723321	m	SL1602	
1724823	m	SL1604	
1724828	p	SL1605	
1724841	p	SL1605	
1727733	m	SL1607	
1730493	m	SL1609	mppA
1730583	p	SL1610	ycjI
1730620	p	SL1610	ycjI
1731626	m	SL1611	ycjG
1732405	p	SL1612	tpx
1732428	m	SL1611	ycjG
1734604	m	SL1613	tyrR
1737669	m	SL1616	pspE
1737692	m	SL1616	pspE
1739313	m	SL1620	pspA
1740507	p	SL1622	sapA
1746319	m	SL1627	
1746567	m	SL1627	
1748410	m	SL1628	steC
1748413	m	SL1628	steC
1748501	p	SL1630	
1748742	p	SL1631	fabI
1748905	p	SL1631	fabI
1749919	p	SL1632	yciW
1750644	p	SL1632	yciW
1750961	p	SL1633	rnb
1751170	p	SL1633	rnb
1753300	p	SL1634	yciR
1755468	p	SL1636	yciT
1755628	p	SL1636	yciT
1755748	m	SL1636	yciT
1755780	m	SL1636	yciT
1756633	p	SL1637	osmB
1756736	p	SL1637	osmB
1757951	m	SL1639	pyrF
1758228	m	SL1639	pyrF
1759909	m	SL1641	yciS
1760390	m	SL1642	pgpB
1760789	m	SL1642	pgpB
1760908	p	SL1643	ribA
1764333	m	SL1644	acnA
1764536	m	SL1644	acnA
1765037	m	SL1644A	ymiA
1765049	m	SL1644A	ymiA
1765118	p	SL1645	cysB
1765181	p	SL1645	cysB
1766226	m	SL1645	cysB
1766328	m	SL1645	cysB
1769313	m	SL1646	topA
1769419	m	SL1646	topA
1769483	m	SL1646	topA
1769512	m	SL1646	topA
1769603	m	SL1646	topA
1769626	p	SL1647	yciN
1770993	m	SL1648	sohB
1771014	m	SL1648	sohB
1771162	p	SL1649	yciK
1773606	m	SL1651	yciL
1774585	m	SL1652	yciO
1775005	p	SL1654	trpE
1775159	m	SL1653	trpH
1782355	p	SL1659	yciG
1782601	m	SL1659	yciG
1783825	p	SL1662	katN
1785413	m	SL1663	ompW
1786593	p	SL1666	ispZ
1786620	p	SL1666	ispZ
1787624	p	SL1667	yciA
1788873	m	SL1668	tonB
1789037	p	SL1669	yciI
1789691	m	STnc1270	
1789692	p	SL1670	cls
1791191	p	SL1671	yciU
1792708	m	SL1672	
1792737	m	SL1672	
1793232	m	SL1672	
1796685	m	SL1676	oppB
1798254	m	SL1677	oppA
1798604	m	SL1677	oppA
1798747	p	STnc3580	
1799558	m	SL1679	ychE
1799792	p	SL1680	adh
1799932	p	SL1680	adh
1803508	m	SL1681	tdk
1803564	m	SL1681	tdk
1803845	m	SL1681	tdk
1804027	p	SL1682	hns
1804100	p	SL1682	hns
1805641	m	SL1683	galU
1805703	p	SL1684	hnr
1807846	m	SL1685	ychK
1806879	m	SL1685	ychK
1807869	p	SL1686	ychJ
1807938	m	SL1685	ychK
1808095	m	SL1685	ychK
1808148	m	SL1685	ychK
1808200	p	SL1687	purU
1808290	p	SL1687	purU
1812121	p	STnc3600	
1819416	m	STnc2040	
1820819	m	SL1693	narK
1821066	p	SL1694	narX
1822323	p	SL1695	narL
1822690	m	SL1695	narL
1824446	m	SL1696	ychP
1824847	p	SL1697	ychN
1825001	m	SL1696	ychP
1825140	p	SL1697	ychN
1825863	m	SL1698	chaB
1826061	p	SL1699	chaA
1828150	p	SL1701	ychA
1829099	m	SL1701	ychA
1830326	m	SL1703	hemK
1832601	m	SL1705	hemA
1832692	m	SL1705	hemA
1832739	p	SL1706	hemM
1834056	m	SL1707	ipk
1834198	p	SL1707	prs
1837747	m	SL1710	ychH
1837750	p	SL1711	pth
1837859	p	SL1711	pth
1837942	p	SL1711	pth
1838601	p	SL1712	ychF
1838994	m	SL1712	ychF
1839671	p	SL1712	ychF
1841236	m	SL1713	
1841518	p	SL1714	hyaA
1850239	m		
1850367	p	SL1723	
1850400	m	SL1723	
1851877	p	SL1724	treA
1853333	m	SL1724	treA
1853978	m	SL1725	ymgE
1854093	p	SL1726	ycgR
1855500	p	SL1728	ldcA
1855605	m	SL1727	emtA
1856620	p	SL1729	cvrA
1860877	m	SL1731	dadA
1860895	m	SL1731	dadA
1861023	p	SL1732	ycgB
1861118	p	SL1732	ycgB
1863119	m	SL1733	fadR
1863404	m	SL1733	fadR
1863494	m	SL1733	fadR
1863633	p	SL1734	nhaB
1865341	p	SL1735	dsbB
1865974	p	SL1736	
1866653	m	SL1737	
1866668	p	STnc3620	
1866669	m	SL1737	
1866940	m	SL1738	
1866947	m	SL1738	
1867098	m	SL1738	
1867743	m	SL1739	ycgN
1868856	m	SL1741	ycgL
1868859	m	SL1741	ycgL
1868867	p	SL1742	minC
1868880	p	SL1742	minC
1872789	m	SL1746	tnpA_1a
1874533	m	SL1747	fadD
1875318	m	SL1748	yeaY
1876053	m	SL1749	yeaZ
1878013	m	SL1750	yoaA
1878093	p	SL1751	yoaB
1878675	m	SL1752	yoaH
1878679	p	SL1753	pabB
1878890	p	SL1753	pabB
1880893	p	SL1755	sdaA
1881432	m	SL1755	sdaA
1882403	p	SL1756	
1885703	m	SL1757	yoaE
1885823	m	SL1757	yoaE
1885885	m	SL1757	yoaE
1885890	m	SL1757	yoaE
1885987	p	SL1759	gptB
1889505	p	SL1763	yebN
1891110	m	SL1764	rrmA
1893525	m	SL1767	yobF
1893528	m	SL1767	yobF
1893683	m	SL1767	yobF
1894039	p	STnc3630	
1894435	m	SL1768	
1894655	m	SL1769	yobG
1894752	m	SL1769	yobG
1894764	p	SL1770	
1896070	m	SL1771	kdgR
1896173	p	SL1772	
1896757	p	SL1772	
1898551	m	SL1773	htpX
1898571	m	SL1773	htpX
1899967	m	SL1774	prc
1900234	m	SL1774	prc
1901505	m	SL1775	proQ
1902087	m	SL1776	yebR
1902138	m	SL1776	yebR
1902148	m	SL1776	yebR
1902155	p	SL1777	yebS
1902803	p	SL1777	yebS
1906118	p	SL1779	yebU
1907648	p	SL1780	
1908023	p	SL1781	yebW
1908035	p	SL1781	yebW
1908937	m	SL1782	pphA
1909349	m	SL1783	
1909367	p		
1910324	m	SL1784	sopE2
1911654	p	SL1786	
1912242	p		
1913025	m	SL1787	
1913755	m	STnc1130	
1915354	m	SL1790	
1915824	p	STnc3640	
1917054	p	SL1793	pagO
1917578	p	SL1793	pagO
1919590	p	SL1797	pagM
1919904	m	SL1797	pagM
1920693	p	SL1799	pagK
1922630	p	SL1802	
1925543	p	SraC	
1925723	m	SdsR	
1926357	m	SL1807	
1926360	m	SL1807	
1927504	m	SL1809	yobA
1927512	m	SL1809	yobA
1927601	p	SL1810	holE
1927880	p	SL1811	
1927904	p	SL1811	
1927927	p	SL1811	
1928621	p	SL1812	exoX
1929651	m	SL1813	opdB
1931574	m	SL1813	opdB
1932323	m	SL1814	yebE
1932394	m	SL1814	yebE
1932768	m	SL1815	yebF
1933128	m	SL1816	yebG
1933210	p	SL1817	purT
1935502	m	SL1819	edd
1938768	m	SL1820	zwf
1939804	p	SL1822	pykA
1939894	p	SL1822	pykA
1941769	m	SL1823	msbB
1942565	m	SL1823	msbB
1944358	m	SL1825	znuA
1944902	p	SL1826	znuC
1944934	p	SL1826	znuC
1944958	m	SL1825	znuA
1944978	p	SL1826	znuC
1947727	m	SL1828	ruvB
1948286	m	SL1829	ruvA
1948440	p	SL1830	
1948489	m	SL1829	ruvA
1948826	p	SL1830	
1954546	m	SL1836	aspS
1954641	m	SL1836	aspS
1954765	p	SL1837	yecD
1955943	m	SL1838	yecE
1956180	p	SL1839	yecN
1956619	p	SL1840	yecO
1958819	m	RyeF	
1959954	m	SL1843	yecM
1960107	p	SL1844	argS
1969025	m	SL1849	flhB
1974008	m	SL1854	cheM
1977502	m	SL1857	motB
1978737	m	SL1858	motA
1979837	m	SL1860	flhD
1979910	m	SL1860	flhD
1979990	m	SL1860	flhD
1980165	m	SL1860	flhD
1980387	p	SL1861	yecG
1983117	m	SL1863	otsB
1984651	p	SL1865	ftnB
1984722	p	SL1865	ftnB
1985522	m	SL1866	
1986360	p	SL1867	
1986920	p	SL1868	ftn
1987759	m	SL1869	yecH
1987930	p	SL1870	tyrP
1990014	m	SL1871	yecA
1990610	m	SL1872	
1990692	m	SL1872	
1992661	m	SL1874	
1993962	m	SL1875	pgsA
1995580	p	SL1876	uvrC
1995988	m	SL1876	uvrC
1996514	m	SL1877	sirA
1996885	p	SL1878	yecF
1996920	m	SL1878	yecF
1997992	m	SL1879	sdiA
1998024	m	SL1879	sdiA
1998026	m	SL1879	sdiA
2001700	m	SL1883	fliY
2003052	m	SL1885	fliA
2003064	m	SL1885	fliA
2005768	m	SL1888	fliC
2006190	p	STnc3670	
2006775	m	SL1888	fliC
2006916	p	SL1889	fliD
2006938	p	SL1889	fliD
2009321	m	SL1892	amyA
2011207	m	SL1893	yedD
2011332	p	SL1894	yedE
2012935	p	SL1896	ydgJ
2013915	m	SL1897	fliE
2014021	p	SL1898	fliF
2020598	p	SL1904	fliL
2022487	p	SL1907	fliO
2024862	p	SL1911	rcsA
2025871	m	SL1912	dsrB
2025955	p	SL1913	yodD
2026177	m	SL1913	yodD
2026302	m	DsrA	
2029398	m	SL1916	
2029431	m	SL1916	
2030389	m	SL1917	yedI
2032362	p	SL1920	dcm
2033351	m	SL1920	dcm
2034525	m	SL1922	
2036645	p		
2037150	m	SL1924	cspB
2039175	m	SL1926	umuD
2039656	m	SL1927A	
2039746	p	SL1927A	
2040295	m	SL1927B	
2040382	m	SL1927B	
2040483	p	SL1928	
2049058	p	SL1938	
2051441	p	SL1940	
2059444	p	SL1950	
2061463	p	SL1953	
2061523	m	SL1952	
2062398	m	SL1954	
2064094	p		
2064367	m	SL1957	
2064634	m	SL1958	
2064847	m	SL1958	
2070988	m	STnc1290	
2071271	p	STnc1300	
2071952	p	SL1967	
2072166	m	SL1966	
2072244	p	SL1967	
2072465	p	SL1967	
2073050	p		
2073408	p	SL1968	
2073629	p	SL1968	
2079892	p	SL1977	yeeI
2080019	p	SL1977	yeeI
2088048	p	STnc3680	
2090510	m	SL1986	amn
2091018	m	SL1987	
2091057	p	SL1988	
2091366	m	SL1988	
2091482	m	SL1988	
2091670	p	SL1989	
2093547	m	SL1990	yeeO
2094308	p	SL1991	erfK
2094969	m	SL1991	erfK
2101640	p	STnc1530	
2105835	p	SL2005	cbiF
2111918	m	SL2011	cbiA
2111978	m	SL2011	cbiA
2113116	m	SL2012	pocR
2113765	m	SL2013	pduF
2114103	m	SL2013	pduF
2114535	p	SL2014	pduA
2118978	m	SL2019	pduG
2130435	p	SL2034	pduX
2130469	p	SL2034	pduX
2131497	m	SL2035	yeeX
2131704	m	SL2035	yeeX
2131748	m	SL2035	yeeX
2131875	m	SL2035	yeeX
2131885	p	STnc3700	
2132959	p	STnc1650	
2133618	m	SL2037	gyrI
2134323	p	SL2038	dacD
2138688	m	SL2041	phsA
2139197	p	SL2043	sopA
2141813	p	SL2044	sbcB
2141867	m		
2144765	m	SL2045	yeeF
2145102	m	SL2045	yeeF
2146996	m	SL2047	yeeZ
2147030	m	SL2047	yeeZ
2147102	p	STnc700	
2148572	m	SL2049	hisD
2149464	p	SL2050	hisC
2154811	m	SL2056	wzzB
2155560	m	SL2056	wzzB
2156020	m	SL2056	wzzB
2156959	m	SL2057	udg
2158540	m	SL2058	gnd
2159154	m	SL2059	rfbP
2163079	p	SL2062	rfbN
2170107	m	SL2067	rfbH
2170683	m	SL2068	rfbG
2171664	m	SL2069	rfbF
2172432	p	SL2070	rfbI
2176340	p	SL2074	rfbB
2176466	m	SL2074	rfbB
2177154	m	SL2075	galF
2177589	m	SL2075	galF
2177689	m	SL2075	galF
2195814	p	SL2092	wcaA
2201003	p	SL2096	yegH
2202463	p	SL2096	yegH
2202829	m	SL2097	asmA
2202866	m	SL2097	asmA
2204366	m	SL2097	asmA
2205246	m	SL2098	dcd
2205972	m	SL2099	udk
2206164	m	SL2099	udk
2206182	p	SL2100	yegE
2210092	m	SL2101	alkA
2210180	p	SL2102	yagD
2211623	p	RyeC	
2220509	p	SL2107	baeS
2222223	p	SL2108	baeR
2222242	m	SL2107	baeS
2227325	p	SL2112	yegQ
2228847	p	CyaR	
2229227	p	SL2113	sseK2
2231318	m	SL2115	
2231697	p	SL21117	
2233801	m	SL2118	fbaB
2233832	m	SL2118	fbaB
2233958	p	SL2119	yegT
2235186	p	SL2120	yegU
2235263	p	SL2120	yegU
2237966	m	SL2122	yegW
2239713	m	SL2124	thiM
2239870	p	SL2125	
2239935	p	SL2125	
2241057	m	SL2126	stcD
2242767	m	SL2127	stcC
2242914	p	SL2127	stcC
2243576	m	SL2127	stcC
2243694	m	SL2127	stcC
2245953	m	SL2130	yehE
2247327	m	SL2131	mrp
2247422	p	SL2132	metG
2249226	p	SL2132	metG
2249700	m		
2249723	p	SL2133	yehR
2250715	m	SL2134	
2251146	m	SL2135	yehS
2251368	m	SL2135	yehS
2251764	m	SL2135	yehS
2253398	p	SL2137	yehU
2253874	m	SL2137	yehU
2253887	m	SL2137	yehU
2253898	m	SL2137	yehU
2254855	p	SL2139	yohO
2258750	m	SL2143	yehZ
2261413	p	SL2145	dld
2261423	p	SL2145	dld
2264259	p	STnc3720	
2264261	m	SL2146	pbpG
2264470	m	SL2146	pbpG
2264972	m	SL2147	yohC
2266504	m	SL2149	yohF
2267213	m	SL2150	yohG
2268246	m	SL2150	yohG
2268274	p	STnc1330	
2268437	m	SL2150	yohG
2274565	p	SL2157	
2275353	p	SL2158	yohJ
2275437	p	SL2158	yohJ
2275567	p	SL2158	yohJ
2275617	p	SL2158	yohJ
2276015	p	SL2159	yohK
2276858	p	SL2160	cdd
2277915	p	SL2161	sanA
2278938	m	SL2162	b2145
2279040	p	SL2163	
2283676	m	SL2166	mglA
2285752	m	SL2167	mglB
2286904	m	SL2168	galS
2287179	p	SL2169	yeiB
2288898	m	SL2170	folE
2288956	p	SL2171	yeiG
2289036	m	SL2170	folE
2289109	p	SL2171	yeiG
2289117	p	SL2171	yeiG
2290177	m	SL2172	
2293688	p	SL2175	
2296419	m	SL2176	cirA
2296857	m	SL2177	lysP
2298101	m	SL2177	lysP
2298179	m	SL2177	lysP
2298188	m	SL2177	lysP
2298262	m	SL2177	lysP
2299171	m	SL2178	yeiE
2299230	p	SL2179	yeiH
2300045	m	SL2179	yeiH
2300055	m	SL2179	yeiH
2300339	p	SL2180	nfo
2305167	m	SL2183	fruB
2306838	m	SL2185	
2307480	m	SL2186	
2308138	m	SL2187	
2308321	m	SL2187	
2308405	p	SL2188	yeiP
2309209	p	SL2189	yeiR
2309280	m	SL2189	yeiR
2310222	p	SL2190	yeiU
2311126	m	STnc3010	
2311148	p	SL2191	spr
2311208	p	SL2191	spr
2311317	p	SL2191	spr
2312222	p	SL2192	rtn
2319847	m	SL2197	yejG
2319950	p		
2319969	m	SL2197	yejG
2320037	m	STnc1340	
2321137	m	STnc1540	
2322177	m	SL2199	rsuA
2324073	p	SL2201	rplY
2326213	p	SL2204	yejL
2326218	m	SL2203	yejK
2326350	p	SL2204	yejL
2329801	p	SL2208	oafA
2331777	p	SL2209	
2335440	m	SL2213	
2335508	p	SL2214	
2340307	p	SL2217	sspH2
2340596	m	SL2217	sspH2
2342448	p	IsrG	
2343908	m	SL2221	
2344271	p	SL2222	narP
2344341	p	SL2222	narP
2344383	m	SL2222	narP
2355822	p	SL2229	napA
2357442	m	SL2231	napF
2357678	p	SL2232	eco
2357730	p	SL2232	eco
2360147	m	SL2233	yojI
2361919	m	SL2235	ada
2363066	m	SL2236	apbE
2364373	m	SL2237	ompC
2364393	m	SL2237	ompC
2364409	m	SL2237	ompC
2364629	p	MicF	
2364867	p	SL2238	yojN
2364988	p	SL2238	yojN
2367508	p	SL2239	rcsB
2367709	m	SL2238	yojN
2368702	m	SL2240	rcsC
2371344	m	SL2240	rcsC
2374100	m	SL2241	gyrA
2377467	p	SL2244	
2378003	p	SL2245	ubiG
2378987	p	SL2246	nrdA
2380573	p	SL2246	nrdA
2381315	p	SL2247	nrdB
2387757	m	SL2252	glpT
2387768	m	SL2252	glpT
2387789	m	SL2252	glpT
2387889	p	SL2253	glpA
2387927	p	SL2253	glpA
2392295	m	IsrH_2	
2392385	p	SL2256	sseL
2396859	p	SL2260	yfaW
2397151	p	SL2261	yfaX
2398092	p	SL2262	
2399399	m	SL2262	
2400078	m	SL2263	yfaZ
2400290	p	SL2264	yfaO
2401492	m	SL2265	ais
2401520	p	SL2266	yfbE
2401611	p	SL2266	yfbE
2408320	p	SL2271	
2409317	m	SL2273	pmrD
2409368	m	SL2273	pmrD
2409372	m	SL2273	pmrD
2415035	m	SL2278	menD
2416807	m	SL2280	elaB
2416825	m	SL2280	elaB
2417348	p	SL2282	elaC
2417431	m	SL2281	elaA
2418328	p	SL2283	
2437342	m	SL2297	nuoA
2437519	m	SL2297	nuoA
2437665	p	STnc1550	
2438450	p	SL2299	lrhA
2438746	m	SL2299	lrhA
2438962	p		
2439167	m	SL2299	lrhA
2439250	m	SL2299	lrhA
2439491	m	SL2299	lrhA
2439661	p	SL2300	yfbQ
2440356	p	SL2300	yfbQ
2440992	p	SL2301	
2443562	m	SL2302	yfbS
2444828	m	SL2304	yfbU
2445430	p	SL2306	ackA
2445474	m	SL2305	
2445528	p	SL2306	ackA
2445564	m	SL2305	
2445611	p	SL2306	ackA
2445856	m	SL2306	ackA
2445867	m	SL2306	ackA
2449281	m	STnc3730	
2454876	m	SL2313	
2454895	m	SL2313	
2455036	p	SL2314	
2455419	p	SL2314	
2457310	m	SL2316	yfcE
2458512	m	SL2317	yfcF
2458808	p	SL2319	yfcH
2459768	p	STnc3740	
2460682	m	SL2320	hisP
2461024	m	SL2321	hisM
2463037	m	SL2323	hisJ
2463071	m	SL2323	hisJ
2464065	m	SL2324	argT
2464154	m	SL2324	argT
2465078	m	SL2325	ubiX
2465446	m	SL2326	
2465749	m	SL2326	
2470561	p	SL2330	
2474131	m	SL2332	cvpA
2474513	m	SL2332	cvpA
2474515	m	SL2332	cvpA
2474543	m	SL2332	cvpA
2475269	m	SL2333	dedD
2475333	m	SL2333	dedD
2476553	p	SL2335	accD
2477402	m	SL2335	accD
2480036	m	SL2338	usg
2480247	m	SL2338	usg
2481240	m	SL2339	pdxB
2481266	p	SL2340	div
2482337	p	SL2341	
2483608	m	SL2341	
2484196	m	SL2342	
2487588	m	SL2347	fabB
2487618	p	SL2348	mnmC
2487687	p	SL2348	mnmC
2487880	m	SL2347	fabB
2487882	m	SL2347	fabB
2490044	m	SL2349	yfcL
2491777	p	SL2352	mepA
2493498	m	SL2353	aroC
2494342	m	SL2354	yfcB
2495724	m	SL2356	sixA
2495742	m	SL2356	sixA
2495809	m	SL2356	sixA
2496184	m	SL2357	fadJ
2496479	m	SL2357	fadJ
2496867	m	SL2357	fadJ
2499317	m	SL2358	fadI
2499785	m	SL2359	yfcZ
2500011	p	SL2360	fadL
2500056	p	SL2360	fadL
2501592	m	SL2361	vacJ
2502310	m	SL2361	vacJ
2502361	m	SL2361	vacJ
2502396	m	SL2361	vacJ
2502497	p	SL2362	yfdC
2503803	m	STnc3750	
2503938	m	SL2363	pgtE
2503968	m	SL2363	pgtE
2504560	p	SL2363	pgtE
2504753	m	SL2363	pgtE
2507727	p	SL2365	pgtB
2509602	m	SL2366	pgtC
2511814	m	SL2368	
2512036	p	SL2369	lpxP
2512125	p	SL2369	lpxP
2513450	p	SL2369A	ypdK
2515021	m	SL2370	yfdZ
2515122	m	SL2370	yfdZ
2515508	p	STnc3760	
2516674	p	SL2372	
2516732	m	SL2371	glk
2519783	m	SL2373	
2519793	p	SL2374	
2519914	p	SL2374	
2521009	p	SL2375	ypeC
2522664	p	SL2377	nupC
2522704	m	SL2376	mntH
2522729	p	SL2377	nupC
2522831	m	SL2376	mntH
2522890	p	SL2377	nupC
2522986	p	SL2377	nupC
2526493	m	SL2378	yfeA
2527023	p	SL2379	yfeC
2529352	m	SL2381	gltX
2532340	m	SL2384	xapB
2534477	m	SL2386	yfeN
2535438	m	SL2387	yfeR
2535482	p	SL2388	yfeH
2539837	m	SL2391	zipA
2539982	p	SL2392	cysZ
2540699	m	SL2392	cysZ
2540842	p	SL2393	cysK
2540915	p	SL2393	cysK
2541849	p	SL2394	ptsH
2542037	p	SL2394	ptsH
2542139	p	SL2394	ptsH
2544152	p	SL2396	crr
2546181	m	SL2398	pdxK
2546188	p	SL2399	ptsJ
2546205	p	SL2399	ptsJ
2548289	m	SL2401	yfeK
2548307	m	SL2401	yfeK
2550332	m	SL2403	cysM
2554188	m	SL2407	cysP
2555147	m	SL2408	ucpA
2556287	m	SL2409	
2556940	m	SL2410	yfeY
2557865	m	SL2412	
2557941	p	SL2413	amiA
2558753	p	SL2414	hemF
2560270	p	SL2416	
2563886	m	SL2419	eutL
2568592	m	SL2423	eutH
2580022	m	SL2435	maeB
2580110	m	SL2435	maeB
2580171	p	SL2436	tal
2583475	m	SL2438	
2583533	m	SL2438	
2583565	m	SL2438	
2583645	m	SL2438	
2584717	m	SL2439	ypfG
2585403	m	SL2440	yffH
2585409	p	SL2441	
2585956	p	SL2441	
2589334	m	SL2442	aegA
2591319	p	SL2444	acrD
2594656	m	SL2444A	ypfM
2594737	m	SL2444A	ypfM
2594953	p	SL2445	yffB
2594747	p	SL2445	yffB
2599533	m	SL2449	
2599714	m	SL2449	
2600658	m	SL2450	purC
2602230	m	SL2451	nlpB
2602538	m	SL2452	dapA
2602661	m	SL2452	dapA
2602755	p	SL2453	gcvR
2603314	p	SL2454	bcp
2603757	p	SL2454	bcp
2605515	m	SL2456	perM
2605583	p	SL2457	
2608307	m	SL2459	yfgE
2610419	m	SL2461	upp
2610498	m	SL2461	upp
2610746	p	SL2462	purM
2611794	p	SL2463	purN
2612560	p	SL2464	ppk
2612617	p	SL2464	ppk
2613543	m	SL2464	ppk
2618452	p	SL2468	
2618831	p	SL2468	
2619781	m	SL2469	
2619992	p	SL2470	
2622279	m	SL2471	guaA
2623668	m	SL2472	guaB
2623670	m	SL2472	guaB
2623760	p	SL2473	xseA
2631827	p		
2631929	m		
2639668	m	SL2476	ratB
2639788	m	SL2476	ratB
2639842	m	SL2476	ratB
2639845	m	SL2476	ratB
2641126	m	SL2477	ratA
2641465	m	SL2477	ratA
2650803	m	SL2482	engA
2650935	m	SL2482	engA
2653927	m	SL2484	hisS
2656216	m	SL2486	yfgA
2656287	m	SL2486	yfgA
2657720	m	SL2487	yfgB
2657887	m	SL2487	yfgB
2658251	m	SL2488	ndk
2658327	p	SL2489	
2663029	m	SL2492	
2670454	m	SL2494	
2670596	p	SL2495	sseA
2671900	m	SL2496	
2672567	m	STnc2070	
2672651	p	RyfA	
2675046	p	SL2498	pepB
2675187	p	SL2498	pepB
2675284	m	SL2498	pepB
2675377	m	SL2498	pepB
2675555	m	SL2498	pepB
2677122	p	SL2501	hscA
2681200	p	SL2506	yfhP
2681209	m	SL2506	yfhP
2682057	m	SL2507	
2682061	p	SL2508	suhB
2682116	p	SL2508	suhB
2684028	p	SL2510	asrA
2688756	p	SL2515	csiE
2688767	p	SL2515	csiE
2689096	m	SL2515	csiE
2689245	m	SL2515	csiE
2691220	m	SL2516	hcaT
2691259	m	SL2516	hcaT
2691620	m	SL2517	glyA
2692714	m	SL2517	glyA
2692874	m	SL2517	glyA
2692938	p	SL2518	hmpA
2694319	p	SL2519	cadC
2696182	p	SL2520	cadB
2697694	p	SL2521	cadA
2701747	m	SL2523	glnB
2704156	m	SL2525	yfhG
2704277	m	SL2525	yfhG
2705346	m	SL2526	yfhK
2705564	m	GlmY	
2709902	m	SL2527	purG
2710041	p	SL2529	yfhD
2712251	m	SL2530	yfhC
2712984	m	SL2531	yfhB
2715227	p	SL2534	yfhH
2716852	m	SL2535	
2718411	p	SL2537	
2718794	m	SL2537	
2719376	p	SL2538	yfhL
2721702	m	SL2541	recO
2723169	m	SL2543	rnc
2723384	m	SL2543	rnc
2726379	m	SL2545	lepA
2726431	m	SL2545	lepA
2726672	m	SL2545	lepA
2726687	p	SL2546	gogB
2726728	p	SL2546	gogB
2728218	p		
2729133	p	SL2547	
2729701	m	STnc1380	
2730673	p	SL2549	
2743288	p	STnc3770	
2745985	p	SL2563	gipA
2752205	p	SL2570	
2752902	p	SL2570	
2755974	p	SL2574	
2756549	p	STnc1920	
2758129	p	SL2577	
2758888	p		
2759265	m	IsrI	
2759717	m	IsrJ	
2760556	m	IsrK	
2762866	m	SL2582	
2763482	m	SL2584	
2763688	p	SL2585	
2763988	m	SL2585	
2764007	m	SL2585	
2767704	p	STnc1390	
2768367	m	SL2592	cII
2768449	p	SL2593	ybeM
2768948	m	SL2593	
2769926	m	SL2594	
2770533	p	SL2596	
2771060	m	STnc1400	
2771826	m	SL2597	recEb
2777313	m	SL2600	
2777559	m	SL2600	
2779439	m	SL2602	rseB
2780036	m	SL2603	rseA
2780492	m	SL2604	rpoE
2780633	m	SL2604	rpoE
2780813	p	SL2605	nadB
2782289	m	SL2605	nadB
2783298	p	SL2607	srmB
2786777	m	SL2610	yfiD
2786997	p	SL2611	ung
2788889	m	SL2612	yfiF
2788979	p	SL2613	trxC
2789002	m	SL2612	yfiF
2789010	p	SL2613	trxC
2789537	p	SL2614	yfiP
2790267	p	SL2615	yfiQ
2792627	p	SL2616	pssA
2793008	p	SL2616	pssA
2796132	m	SL2618	kgtP
2796676	m	SL2619	
2805222	m	SL2620	clpB
2806016	m	SL2621	yfiH
2806652	m	SL2622	rluD
2806889	p	SL2623	yfiO
2806991	m	SL2622	rluD
2806998	p	SL2623	yfiO
2807198	m	SL2622	rluD
2807900	m	STnc3160	yfiO
2808050	p	SL2624	yfiA
2808504	p	sRNA3	
2810663	p	STnc3790	
2810734	m	SL2626	
2812153	m	SL2627	tyrA
2813009	m	SL2628	aroF
2813229	m	SL2628	aroF
2813238	m	SL2628	aroF
2817746	m	SL2633	
2823099	p	SL2642	gpF
2824895	p	SL2644	rpoB
2825001	m	STnc3800	
2828145	m	SL2649	rps16
2829887	p	SL2651	corE
2832069	p	SL2653	
2832663	p	SL2653	
2833141	p	SL2654	grpE
2833366	p	SL2655	ppnK
2833403	m	SL2654	grpE
2833422	p	SL2655	ppnK
2833497	m	SL2654	grpE
2834416	p	SL2656	recN
2836145	p	SL2657	smpA
2836213	p	SL2657	smpA
2837506	m	SL2659	yfjG
2837525	p	SL2660	smpB
2837604	p	SL2660	smpB
2838573	p	SL2661	bapA
2843193	p	SL2661	bapA
2850587	m	IsrL	
2851225	m	STnc3070	
2854563	m	SL2664	
2855129	p	tmRNA	
2862569	p	SL2673	
2862878	p	SL2674	sopE
2878267	m	SL2695	smf
2878819	m	SL2696	
2879510	m	SL2697	
2880507	m	SL2698	
2880538	m	SL2698	
2881126	m	SL2700	
2881513	p	SL2701	
2884370	p	SL2702	
2885566	p		
2886760	p	SL2708	cI
2886815	m	SL2707	apl
2890954	p	SL2712	
2891286	p	SL2713	
2893332	m	SL2714	
2893970	m	SL2715	
2894037	m	SL2715	
2896877	p	SL2719	
2899986	m	SL2722	
2900694	p	SL2723	
2902812	p	SL2726	
2902895	p	SL2726	
2903025	p	SL2726	
2905149	m	SL2727	
2905391	m	SL2727	
2905596	m	SL2727	
2908594	p	SL2730	
2908611	p	SL2730	
2911253	m	SL2732	
2914983	p	SL2738	
2916021	m	SL2738	
2922423	p		
2928002	p	SL2747	
2929927	m	SL2750	
2933243	p	SL2753	
2934790	m		
2936727	m	SL2756	fljB
2936754	p	SL2756	fljB
2937396	p	SL2757	hin
2937436	p	SL2757	hin
2938296	p		
2938844	m		
2938904	p	SL2758	iroB
2948433	m	SL2762	iroN
2950461	m	SL2763	pipB2
2950579	m	SL2763	pipB2
2950607	p	SL2764	virK
2950709	m	SL2763	pipB2
2950920	p	SL2764	virK
2952143	p	SL2765	mig-14
2952817	m	SL2765	mig-14
2953224	p		
2953844	m	SL2767	nixA
2954019	m	SL2767	nixA
2954844	m	SL2767	nixA
2957056	m	SL2769	tctD
2957079	p	SL2770	
2960201	m	SL2772	
2960357	p	SL2773	csiD
2964949	m	SL2776	gabT
2968204	m	SL2779	ygaU
2968481	m	SL2780	yqaE
2968491	m	SL2780	yqaE
2968592	p	SL2781	
2970244	m	SL2783	stpA
2970772	m		
2970828	p	SL2784	
2971761	m	SL2785	ygaC
2971872	p	SL2786	ygaM
2974367	p	SL2790	nrdH
2974404	m	STnc3080	
2977814	p	SL2793	nrdF
2977832	m	SL2793	nrdF
2978239	m	SL2793	nrdF
2978465	p	SL2794	proV
2983276	p	SL2798	emrR
2983673	p	SL2798	emrR
2989429	p	MicA	
2991297	m	SL2803	gshA
2991382	m	SL2803	gshA
2992157	m	SL2805	yqaB
2993764	m	SL2806	csrA
2993839	m	SL2806	csrA
2996764	m	SL2807	alaS
2996818	m	SL2807	alaS
2998545	m	SL2809	recA
2998896	m	SL2809	recA
2999099	m	SL2810	ygaD
2999120	m	SL2810	ygaD
3000657	m	SL2811	mltB
3000660	m	SL2811	mltB
3000844	p	SL2812	srlA
3003910	p	SL2817	srlR
3003996	p	SL2817	srlR
3007484	m	SL2819	norR
3022189	m	SL2833	hycA
3022565	p	SL2835	hypB
3022659	p	SL2835	hypB
3024672	p	SL2838	hypE
3026067	p	SL2839	fhlA
3028789	m	SL2840	ygbA
3028791	m	SL2840	ygbA
3028883	m	SL2840	ygbA
3028899	p	SL2841	sitA
3033456	m	SL2845	avrA
3035598	m	SL2847	hilC
3036072	p	SL2848	orgC
3037065	m	SL2849	orgB
3037101	p	STnc4240	
3038687	p	STnc3020	
3039861	p	SL2854	hilD
3040110	p	SL2855	hilD
3040128	m	SL2854	prgH
3040222	p	SL2855	hilD
3040377	p	SL2855	hilD
3042084	p	SL2856	hilA
3046349	p	SL2859	sicP
3047036	m	SL2859	sicP
3048830	p	STnc1410	
3049772	p	SL2862	sipD
3050747	p	SL2863	sipC
3054030	m	SL2865	sicA
3065801	p	SL2877	invG
3066639	m	SL2878	invF
3066873	p	SL2879	invH
3067135	m	SL2878	invF
3067147	m	SL2878	invF
3067787	p	SL2880	
3069389	m	SL2882	
3069747	m		
3069887	p	SL2884	
3072421	p	SL2888	mutS
3072535	p	SL2888	mutS
3072676	p	SL2888	mutS
3084362	p	SL2898	ygbI
3085594	m	SL2899	
3089613	m	SL2903	rpoS
3091494	m	SL2905	pcm
3092102	m	SL2906	surE
3092144	m	SL2906	surE
3092212	m	SL2906	surE
3094363	m	SL2910	ftsB
3094425	m	SL2910	ftsB
3094488	p	SL2911	ygbE
3094912	m	SL2911	ygbE
3097902	m	SL2914	
3098079	p	SL2915	iap
3102327	p	SL2919	
3108738	m	SL2923	ygcB
3109049	p	SL2924	sopD
3109981	m	STnc3140	
3114692	m	SL2927	cysJ
3116233	m	SL2929	
3118715	m	SL2930	ygcF
3120617	m	SL2931	eno
3121058	m	SL2932	pyrG
3121895	m	SL2932	pyrG
3122960	m	SL2933	mazG
3123914	m	SL2935	
3124217	m	SL2936	
3126786	m	SL2937	relA
3127205	m	SL2938	rumA
3127244	m	SL2938	rumA
3127757	m	SL2938	rumA
3127954	m	SL2938	rumA
3131948	m	SL2940	
3136195	m	SL2943	gudT
3137017	m	SL2944	
3138522	m	CsrB	
3139046	m	SL2947	syd
3139309	m	SL2947	syd
3139315	p	SL2948	queF
3140270	p	SL2949	ygdH
3141945	p	SL2950	sdaC
3142111	p	SL2950	sdaC
3145099	p	SL2952	exo
3155803	m	SL2961	ygdD
3156154	m	SL2961	ygdD
3156234	m	SL2961	ygdD
3156722	m	SL2962	gcvA
3156779	p	GcvB	
3157294	m	SL2963	ygdI
3157400	p	SL2964	csdA
3158565	p	SL2965	ygdK
3161202	m	SL2967	ygdL
3161277	m	SL2967	ygdL
3161794	p	SL2968	mltA
3162349	m	SL2968	mltA
3164124	m	SL2969	amiC
3164270	p	SL2970	argA
3171312	m	SL2972	recB
3174365	m	SL2973	ptr
3177623	m	SL2974	recC
3181234	m	SL2980	lgt
3183673	m	SL2981	ptsP
3184189	m	SL2982	nudH
3184797	p	SL2983	mutH
3185694	p	SL2984	ygdQ
3186368	p	SL2985	ygdR
3186537	m	STnc3830	
3186544	p	SL2985	ygdR
3186968	p	SL2986	tas
3191532	m	SL2988	aas
3191670	m	OmrA	
3191870	m	OmrB	
3192055	p	SL2989	galR
3195443	m	SL2991	lysA
3197175	m	SL2993	ygeA
3202320	m	SL2997	yqeF
3203323	p	SL2999	
3203574	p	SL2999	
3204021	m	SL3000	
3205169	p	SL3000	
3205542	m	SL3001	yohL
3205613	p	SL3002	yohM
3206878	p	SL3003	
3214497	m	SL3009	
3214779	p	SL3010	
3215717	m	STnc290	
3216531	m	SL3012	
3217008	p	SL3013	
3218133	p	GlyU tRNA	
3218208	p	GlyU tRNA	
3219073	m	SL3014	
3219100	p	IsrO	
3219264	p	SL3015	idi
3219715	p	SL3015	idi
3221493	p	SL3017	prfB
3222606	m	SL3017	prfB
3226106	m	SL3020	xerD
3226124	p	SL3021	fldB
3226613	p	SL3021	fldB
3227326	p	SL3023	ygfY
3227417	m	SL3023	ygfY
3227607	p	SL3024	ygfZ
3229430	m	SL3025	yqfA
3229992	m	SL3026	yqfB
3229996	p	SL3027	bglA
3237510	m	SL3031	gcvT
3239457	m	SL3033	ubiH
3240996	p	SL3034	pepP
3241845	m	SL3034	pepP
3241905	m	SL3034	pepP
3242285	p	SL3036	ygfE
3242308	m	SL3035	ygfB
3242325	p	SL3036	ygfE
3242594	p	SsrS (6S)	
3242809	p	SsrS (6S)	
3243669	p	RygC	
3245285	m	SL3038	serA
3246185	m	SL3039	rpiA
3248262	m	SL3041	yggE
3248970	m	SL3042	yggA
3250061	m	SL3043	yggB
3250106	p	STnc3030	
3252809	m	SL3045	pgk
3253677	m	SL3046	epd
3253775	m	SL3046	epd
3253987	p	SL3047	
3253990	p	SL3047	
3259317	p	SL3053	yggG
3259345	m	SL3052	tktA
3261240	m	SL3054	speB
3261273	m	STnc750 (sRNA8)	
3261695	p	SL3055	
3264052	p	SL3058	
3268583	m	SL3060	
3272099	m	SL3063	yqgB
3272256	p	SL3065	metK
3273743	p	SL3066	galP
3273824	m	STnc3150	
3274011	p	SL3066	galP
3275515	p	SL3067	sprT
3276085	p	SL3068	endA
3276099	m	STnc3850	
3276829	p	SL3069	yggJ
3278768	p	SL3071	yqgE
3280545	m	SL3073	iclR
3281610	p	SL3075	yggS
3282213	p	SL3076	yggT
3282877	p	SL3077	yggU
3283844	m	STnc3860	
3287254	m	SL3081	ansB
3288182	m	SL3082	yggN
3288770	m	SL3083	yggL
3289267	m	SL3084	trmB
3289363	p	SL3085	mutY
3290244	p	SL3086	yggX
3290367	p	SL3086	yggX
3292095	p	SL3088	nupG
3295903	m	SL3089	speC
3296007	p	SL3090	yqgA
3297024	m	STnc3870	
3300286	m	SL3094	
3300337	p	SL3095	
3302905	m	SL3096	
3302992	m	SL3096	
3304742	p	SL3098	
3305410	p	STnc3880	
3306241	m	SL3099	
3307432	m	SL3100	
3308639	m	SL3101	
3308850	m	SL3102	ordL
3312492	m	SL3105	
3312525	m	STnc1170	
3312651	m	SL3105	
3313413	p	SL3106	
3314756	m	SL3107	
3316594	m	SL3108	exuT
3320428	m	SL3111	uxaC
3320794	p	SL3111	uxaC
3322438	m	SL3112	
3322951	p	STnc3890	
3324993	m	SL3113	gsp
3325106	p	SL3114	yghU
3325152	p	SL3114	yghU
3331207	m	SL3121	hybC
3334493	m	SL3124	hypO
3334610	m	SL3124	hypO
3336718	m	SL3126	
3338219	m	SL3128	
3338272	m	SL3128	
3338306	p	SL3129	
3338319	m	SL3128	
3338725	m	SL3128	
3339257	p	SL3131	yghA
3341670	p	SL3135	metC
3342896	p	SL3136	yghB
3342990	p	SL3136	yghB
3344451	m	SL3137	yqhC
3344675	m	SL3137	yqhC
3344789	p	SL3138	yqhD
3345925	p	SL3139	dkgA
3346056	p	SL3139	dkgA
3346248	m	SL3139	dkgA
3347009	m	SL3139	dkgA
3348578	p	SL3141	
3349187	m	STnc1820	
3349388	m	STnc1820	
3349508	p	STnc3920	
3351850	m	SL3142	ygiR
3352180	p	SL3143	
3356629	m	SL3146	sufI
3357480	m	SL3147	plsC
3359957	m	SL3148	parC
3360754	p	SL3149	
3361377	m	SL3150	ygiW
3361475	p	SL3151	ygiX
3364204	p	SL3154	ygiN
3366806	m	SL3156	yqiA
3368082	m	SL3157	cpdA
3368127	m	SL3157	cpdA
3368267	m	SL3157	cpdA
3369026	p	SL3160	tolC
3369078	m	SL3159	nudF
3369159	p	SL3160	tolC
3369223	p	SL3160	tolC
3370675	p	SL3160	tolC
3370924	p	SL3161	ygiB
3373136	m	SL3163	ygiD
3373692	p	SL3164	ygiE
3373797	m	SL3163	ygiD
3374743	m		
3374877	m		
3375382	m	SL3165	assT
3379513	m	SL3168	ribB
3379619	p	SL3169	yqiC
3380023	m	SL3170	glgS
3380271	m	SL3170	glgS
3380395	m	SL3170	glgS
3380495	m	SL3170	glgS
3382981	p	STnc1420	
3383144	m	RygD	
3387253	p	SL3174	glnE
3389075	m	SL3175	ygiF
3389085	p	SL3176	ygiM
3389222	p	SL3176	ygiM
3389900	p	SL3177	cca
3392143	m	SL3178	bacA
3392545	p	SL3180	
3392599	m	SL3179	folB
3392617	p	SL3180	
3394555	m	SL3182	gcp
3394625	p	SL3183	rpsU
3396578	p	SL3184	dnaG
3396690	p	SL3184	dnaG
3396772	m	SL3184	dnaG
3396792	p	SL3185	rpoD
3398006	m	SL3185	rpoD
3399607	m	SL3186	mug
3399685	m	SL3186	mug
3400843	p	SL3188	yqjI
3400924	p	SL3188	yqjI
3403103	m	SL3189	cheM
3405023	m	SL3190	aer
3405261	m	SL3190	aer
3405375	p	SL3191	oat
3406917	p	SL3192	fadH
3410224	p	SL3194	ygjP
3410241	m	SL3193	ygjO
3410407	p	SL3194	ygjP
3410837	p	SL3195	ygjQ
3411680	p	SL3196	ygjR
3412774	p	SraF/PRE element	
3413890	p	SL3198	ygjU
3414049	p	SL3198	ygjU
3414124	p	SL3198	ygjU
3415602	m		
3415675	p	SL3199	yqjA
3415729	p	SL3199	yqjA
3416957	m	SL3200	yqjB
3417214	p	SL3201	yqjC
3418497	m	SL3203	yqjK
3418509	m	SL3203	yqjK
3420270	p	SL3206	yhaH
3421641	m	SL3207	yhaJ
3422416	p	SL3209	yhaL
3434145	m	SL3217	tdcA
3435883	m		rnpB
3437078	p	SL3220	garK
3439064	m	SL3222	garL
3439273	p	SL3223	garD
3443023	m	SL3225	agaR
3446545	m	SL3228	
3448481	m	SL3230	
3452135	m	SL3234	gatD
3452151	p	SL3235	gatR
3454002	p	SL3237	yraM
3456347	p	SL3239	yraO
3456613	m	SL3239	yraO
3456706	p	SL3240	yraP
3457485	p	SL3240	yraP
3458378	m	SL3241	yraR
3458389	p	SL3242	yhbO
3458392	m	SL3242	yraR
3459424	p	SL3244	yhbQ
3460378	m	SL3245	yhbS
3460786	m	SL3246	yhbT
3460863	m	SL3246	yhbT
3460934	p	SL3247	yhbU
3463001	p	SL3249	yhbW
3466779	m	SL3252	mtr
3469124	p	SL3254	nlpI
3469617	m	SL3254	nlpI
3469789	m	SL3254	nlpI
3472237	m	SL3255	pnp
3472701	m	SL3256	rpsO
3472752	m	SL3256	rpsO
3472897	m	SL3256	rpsO
3472931	m	SL3256	rpsO
3474351	m	SL3258	rbfA
3479170	m	SL3261	yhbC
3479553	p	SL3262	argG
3481116	m	STnc3950	
3482130	m	SL3263	
3482213	m	SL3263	
3482973	m	SL3264	secG
3484704	m	SL3265	glmM
3488083	m	SL3268	ftsH
3488647	m	SL3269	ftsJ
3488837	m	SL3269	ftsJ
3488865	p	SL3270	yhbY
3488881	m	SL3269	ftsJ
3489247	m	STnc1660	
3489966	p	SL3272	dacB
3489968	m	SL3271	greA
3490043	p	SL3272	dacB
3490098	m	SL3271	greA
3490216	m	SL3271	greA
3491263	p	SL3272	dacB
3491490	p	STnc3960	
3493194	m	SL3274	yhbE
3494570	m	SL3276	rplU
3494623	p	SL3277	ispB
3494690	p	SL3277	ispB
3494863	m	SL3276	rplU
3494878	p	SL3277	ispB
3497910	m	SL3280	yrbA
3498061	m	SL3280	yrbA
3499705	m	SL3283	yrbD
3500508	m	SL3284	yrbE
3501244	m	SL3285	yrbF
3501323	p	SL3286	yrbG
3501356	m	SL3285	yrbF
3502831	p	SL3287	yrbH
3503340	p	SL3288	yrbI
3503750	p	SL3289	yrbK
3503781	p	SL3289	yrbK
3505792	p	SL3292	rpoN
3507677	m	STnc3970	
3508920	p	SL3296	ptsO
3509569	p	SL3297	yrbL
3511800	p	ArcZ	
3513245	p	SL3300	arcB
3514267	m	SL3300	arcB
3515279	p		
3515728	p	SL3302	gltB
3523225	p	SL3305	codB
3526934	m	SL3308	nanK
3528294	m	SL3310	nanT
3530471	m	SL3311	nanA
3531383	m	SL3312	yhcK
3532755	m	SL3314	sspA
3533704	m	SL3315	
3533708	p	STnc3060	
3534817	m	SL3317	rplM
3534916	m	SL3317	rplM
3536104	p	SL3319	yhcB
3536214	p	SL3319	yhcB
3536739	m	SL3319	yhcB
3536758	p	SL3320	degQ
3536788	p	SL3320	degQ
3538267	p	SL3321	degS
3548003	m	SL3330	
3549050	p	SL3332	argR
3549079	m	SL3331	mdh
3549216	m	SL3331	mdh
3549345	p	SL3332	argR
3549420	p	SL3332	argR
3550227	p	SL3333	yhcN
3551366	m	SL3335	yhcO
3554579	p	SL3339	yhcS
3354974	m	SL3338	yhcR
3557323	m	SL3340	tldD
3562611	m	SL3342	cafA
3562775	p	SL3343	maf-b
3563612	m	SL3343	maf
3566020	m	SL3346	mreB
3566249	m	SL3346	mreB
3567183	m	SL3348	yhdA
3568132	p	SL3349	yhdH
3568305	m	SL3348	yhdA
3568396	m	SL3348	yhdA
3569483	p	SL3350	
3570733	p	SL3351	
3571221	p	SL3352	accB
3573222	m	SL3353	accC
3576469	p	SL3357	yhdG
3576659	p	SL3357	yhdG
3578944	p	SL3360	yhdU
3579226	p	SL3361	
3579332	m	SL3361	
3579416	m	SL3361	
3580557	m	SL3361	
3580632	p	SL3361	
3584677	p	SL3364	acrF
3585280	p	SL3364	acrF
3585324	m	SL3364	acrF
3586972	p	SL3365	yhdV
3587429	m	STnc3990	
3593794	p	STnc1670	
3593938	p	SL3366	yrdA
3596717	m	SL3370	yrdD
3596801	m	SL3370	yrdD
3597329	m	SL3371	smg
3598379	p	SL3373	def
3600175	m	SL3375	fmu
3602747	p	SL3377	mscL
3603415	m	SL3378	
3604007	m	SL3379	zntR
3604146	m	SL3379	zntR
3604207	m	SL3380	yhdN
3604281	m	SL3380	yhdN
3604289	m	SL3380	yhdN
3606495	m	SL3383	rpsD
3607873	m	SL3387	prlA
3608093	m	SL3387	prlA
3608605	p	SL3387	prlA
3611743	m	SL3394	rpsN
3612966	m	SL3397	rplN
3613194	m	SL3397	rplN
3618182	m	SL3408	rpsJ
3619355	m	SL3410	bfr
3619620	m	SL3411	bfd
3619645	m	SL3411	bfd
3619657	p	STnc4000	
3620985	p	SL3412	tufA
3621223	m	SL3412	tufA
3621364	m	SL3412	tufA
3624260	m	SL3415	rpsL
3624358	m	SL3415	rpsL
3624439	m	SL3415	rpsL
3626142	m	SL3419	yheO
3626144	m	SL3419	yheO
3626287	m	SL3419	yheO
3627219	m	SL3420	fkpA
3627276	m	SL3420	fkpA
3627311	p	SL3421	slyX
3627365	p	SL3421	slyX
3627387	m	SL3420	fkpA
3627445	m	SL3420	fkpA
3628415	m	SL3422	slyD
3628448	m	SL3422	slyD
3629173	p	SL3424	kefB
3629589	m	SL3424	kefB
3631243	p	SL3426	yheS
3631277	m	SL3425	yheR
3631315	p	SL3426	yheS
3633424	m	STnc1590	
3633901	p	SL3429	yheT
3633948	m	SL3428	
3634099	p	SL3429	yheT
3634133	m	SL3428	
3634366	m	SL3428	
3635280	p	SL3431	prkB
3636565	p	SL3432	yhfA
3636761	p	SL3433	crp
3636795	m	SL3432	yhfA
3636836	m	SL3432	yhfA
3636955	m	SL3432	yhfA
3636956	p	SL3433	crp
3641200	m	SL3435	argDb
3641827	m	SL3436	pabA
3642623	m	SL3438	yhfG
3643312	m	SL3439	ppiA
3643377	m	SL3439	ppiA
3643469	p	SL3440	yhfC
3643509	p	SL3440	yhfC
3644974	p	SL3441	nirB
3653047	m	SL3445	bigA
3657390	p	SL3447	yhfL
3658870	m	SL3448	trpS
3664371	m	SL3454	aroK
3664560	m	SL3454	aroK
3664647	m	SL3454	aroK
3668127	p	SL3460	mrcA
3671382	p	SL3462	igaA
3671402	p	SL3462	igaA
3671408	m	SL3461	nudE
3671467	m	SL3461	nudE
3671478	m	SL3461	nudE
3671486	p	SL3462	igaA
3671552	p	SL3462	igaA
3671580	p	SL3462	igaA
3673161	p	SL3462	igaA
3673876	p	SL3463	yrfG
3674079	m	SL3463	yrfG
3674108	p	SL3463	yrfG
3674343	p	SL3464	hslR
3677946	p	SL3467	pckA
3678058	p	SL3467	pckA
3680313	p	SL3468	envZ
3681175	m	SL3468	envZ
3681701	p	SL3469	ompR
3681881	m	SL3469	ompR
3681947	m	SL3469	ompR
3682211	m	SL3469	ompR
3682615	p	SL3471	yhgF
3685117	m	STnc760	
3685306	p	SL3472	feoA
3687072	m	SL3473	feoB
3687788	m	SL3473	feoB
3688697	p	SL3475	
3689413	m	SL3476	bioH
3690211	m	SL3476	bioH
3690794	p	SL3478	yhgI
3691953	p	SL3479	gntT
3695782	m	SL3480	malQ
3695810	p	SL3481	malP
3697861	m	SL3481	malP
3697995	m	SL3481	malP
3698024	p	SL3482	malT
3698360	p	SL3482	malT
3698885	m	SL3482	malT
3701783	m	SL3484	
3703381	m	SL3485	rtcA
3706029	m	SL3487	
3706168	p	SL3488	rtcR
3709047	m	SL3491	glpG
3709654	m	SL3491	glpG
3709944	m	SL3492	glpE
3709947	p	SL3493	glpD
3710010	p	SL3493	glpD
3713683	m	SL3495	
3716853	m	SL3498	
3720008	m	SL3500	
3720085	m	SL3500	
3721730	p		
3724707	p	SL3503	glgC
3729043	m	SL3504	glgX
3729756	m	SL3505	glgB
3729766	p	STnc4010	
3730834	p	SL3506	asd
3731115	m	SL3506	asd
3731222	m	SL3506	asd
3731280	m	SL3506	asd
3731315	p		
3733517	m	SL3508	gntK
3734512	m	SL3509	gntR
3736494	m	SL3511	yhhX
3736817	m	RyhB-1	
3736913	p	SL3512	yhhY
3739897	m	STnc1830	
3743559	m	SL3517	ggt
3743627	p	SL3518	yhhA
3746499	p	SL3521	ugpE
3748983	m	SL3523	ugpB
3749102	m	SL3523	ugpB
3749864	m	SL3525	phd
3754983	m	SL3530	livK
3755219	p	SL3531	yhhK
3755332	m	SL3531	yhhK
3757030	m	SL3532	livJ
3758182	m	SL3533	rpoH
3758323	m	SL3533	rpoH
3758325	m	SL3533	rpoH
3761594	m	SL3536	ftsY
3761605	p	SL3537	rsmD
3762879	m	SL3539	yhhM
3762940	m	SL3539	yhhM
3766133	p	SL3542	tcp
3768099	m	SL3543	yhhP
3768200	p	SL3544	yhhQ
3768830	p	SL3545	
3768946	p	SL3545	
3770787	m	SL3546	yhhS
3770869	p	SL3547	yhhT
3771968	p	SL3548	acpT
3772621	p	SL3549	nikR
3778332	m	STnc770 (sRNA6)	
3779573	p	SL3554	pitA
3779702	p	SL3554	pitA
3779788	p	SL3554	pitA
3781919	m	SL3555	uspB
3782010	p	SL3556	uspA
3782045	m	SL3555	uspB
3782057	p	SL3556	uspA
3782838	p	SL3557	yhiP
3782856	m	STnc350	
3787362	m	SL3559	prlC
3787688	p	SL3560	
3788839	m	SL3560	
3788939	p	SL3561	yhiR
3789752	p	SL3562	gor
3793577	m	SL3564	
3793703	m	SL3564	
3794288	p	SL3565	
3794783	m	SL3565	
3796603	m	SL3567	
3796845	p	SL3568	treF
3797424	m	SL3568	
3800206	m	SL3569	
3800218	m	SL3569	
3801174	p	STnc4020	
3801635	m	SL3571	yhjB
3801697	m	SL3571	yhjB
3801971	p	SL3572	yhjC
3802969	p	SL3573	yhjD
3804311	m		
3804351	p	SL3574	yhjE
3807828	m	SL3575	yhjG
3808716	m	SL3576	yhjH
3808879	p	SL3577	kdgK
3811007	p	SL3578	yhjJ
3811534	m	SL3578	yhjJ
3812934	m	SL3579	dctA
3815074	m	SL3580	yhjK
3815610	m	SL3581	yhjL
3815824	m	SL3581	yhjL
3825649	p	SL3587	yhjS
3825851	p	SL3587	yhjS
3825895	m	SL3586	yhjR
3825974	p	SL3587	yhjS
3826026	m	SL3586	yhjR
3826275	p	SL3587	yhjS
3828706	p	SL3589	yhjU
3829661	p	STnc710	
3829796	m	STM3624.1N	
3829947	p	SL3590	
3837518	m	SL3596	dppA
3843676	m	SL3600	yhjW
3843694	m	SL3600	yhjW
3845034	p	SL3602	lpfD
3849398	p		
3849519	p		
3850161	p	SL3608	tag
3850417	p	SL3608	tag
3850584	m	SL3607	yhjY
3851182	m	SL3608	tag
3851526	m	SL3609	yiaC
3854004	m	SL3610	bisC
3854076	p	SL3611	yiaD
3854953	p	SL3612	yiaE
3856789	m	SL3613	yiaF
3856814	m	SL3613	yiaF
3857127	p	SL3614	yiaG
3857590	p	SL3615	cspA
3858992	m	STnc780	
3859815	m	SL3618	
3861274	m	SL3620	glyS
3864111	m	SL3621	glyQ
3864598	m	SL3622	
3866073	m	SL3624	yiaB
3866136	p	SL3625	xylB
3866175	p	SL3625	xylB
3869316	p	SL3627	xylR
3871398	p	SL3629	malS
3871488	m	SL3628	bax
3871593	m	SL3628	bax
3871603	m	SL3628	bax
3871627	m	SL3628	bax
3871824	p	SL3629	malS
3875828	m	SL3631	ysaA
3876749	m	SL3632	yiaJ
3878746	m	SL3635	
3889218	p	SL3645	aldB
3890851	m	SL3645	aldB
3890968	p	SL3646	
3894407	m	SL3647	selB
3895452	m	SL3648	selA
3896135	m	SL3649	yibF
3896489	p	SL3650	mtlA
3899394	p	SL3652	mtlR
3900718	m	SL3653	
3900934	p	SL3654	yibL
3905573	p	SL3656	sadA
3910302	m	SL3659	lctD
3910889	p	SL3660	yibK
3912484	m	SL3661	
3916370	m	SL3665	cysE
3917685	m	SL3667	secB
3917873	m	SL3667	secB
3917984	p	SL3668	grxC
3918582	m	SL3669	yibN
3918668	m	SL3669	yibN
3918845	p	SL3670	pmgI
3920432	p	SL3671	yibP
3923730	m	SL3673	yibD
3926453	m	SL3675	kbl
3926582	p	SL3676	rfaD
3930917	m	SL3680	
3931208	p	SL3680	rfaK
3931867	m	SL3680	rfaK
3933003	m	SL3681	rfaZ
3940349	m	SL3689	rfaQ
3940587	p	SL3690	kdtA
3940628	p	SL3690	kdtA
3941836	p	SL3691	coaD
3943278	m	SL3692	mutM
3943917	m	SL3694	rpmB
3944076	m	SL3694	rpmB
3944682	m	SL3695	radC
3944805	p	SL3696	dfp
3945850	p	SL3697	dut
3946282	p	SL3698	slmA
3948808	p	SL3701	yicC
3950714	m	SL3702	
3951837	p	SL3704	
3954370	p	SL3706	gmk
3954907	p	SL3707	rpoZ
3955060	p	SL3707	rpoZ
3962417	m	SL3712	gltS
3962542	p	SL3713	yicE
3964052	p	SL3714	yicH
3971001	m	SL3717	
3971297	p	SL3718	sugR
3973010	p	SL3720	rhuM
3979724	p	SL3725	marT
3980326	m	SL3725	marT
3980446	m	SL3725	marT
3981763	m	SL3726	slsA
3982565	m	SL3727	cigR
3984355	p	SL3728	mgtB
3986780	m	SL3729	mgtC
3986972	p	SL3730	yicL
3988242	m	SL3731	
3988244	p	SL3731	
3996689	m	SL3738	
3996698	m	SL3738	
3997231	p	SL3740	
3999924	m	SL3741	nepI
4000091	p	SL3743	
4000891	m	SL3745	
4003759	p	SL3748	
4006546	m	SL3751	
4007323	m	SL3752	yicN
4012484	m	SL3756	uhpA
4015862	m	SL3759	
4016076	p	SL3760	
4019149	m	SL3763	ivbL
4019538	p		
4019941	p	SL3765	
4020938	p	SL3766	emrD
4023204	m	SL3767	
4024386	p	SL3769	dsdX
4025666	m	SL3769	dsdX
4027737	m	SL3771	yidF
4028476	p	SL3773	yidH
4028501	m	SL3773	yidH
4028601	m	SL3773	yidH
4030532	m	SL3774	yidE
4031741	m	SL3776	hslT
4031831	p	SL3777	yidQ
4031920	p	SL3777	yidQ
4033535	m	SL3778	yidR
4041366	p	SL3787	torD
4041808	p	SL3787	torD
4045950	p	SL3790	torR
4047534	p	SL3792	torS
4047705	m	SL3791	torT
4049923	p	SL3792	torS
4055359	m	SL3797	dgoR
4056389	m	SL3798	yidA
4059229	p	SL3801	
4063696	p	SL3803	recF
4063748	m	SL3803	recF
4066542	m	SL3805	dnaA
4066570	p	SL3806	rpmH
4066627	m	SL3805	dnaA
4066778	p	SL3806	rpmH
4066781	p	SL3806	rpmH
4066903	p	SL3806	rpmH
4067676	p	SL3809	yidC
4069296	p	STnc4250	
4071037	m	STnc3170	
4071713	m	SL3811	intA
4072456	p	STnc400	
4075180	m		
4076026	m		
4076498	p	SL3815	yidZ
4077413	m	SL3815	yidZ
4077614	p	SL3816	yieE
4077632	p	SL3816	yieE
4079476	m	SL3818	yieG
4080413	m	SL3818	yieG
4080472	p	SL3819	yieH
4080548	p	SL3819	yieH
4080643	p	SL3819	yieH
4080969	p	SL3819	yieH
4085981	m	SL3824	pstS
4086003	m	SL3824	pstS
4086010	p		
4088397	p	SL3827	
4093754	m	SL3829	glmU
4093778	m	SL3829	glmU
4094761	m	SL3830	
4101925	p	SL3839	atpI
4101951	m	SL3839	atpI
4102274	p		
4105145	m	SL3841	gidA
4105942	m	SL3842	mioC
4106495	m	SL3843	asnCb
4106597	p	SL3844	asnA
4109430	p	SL3846	yieN
4109706	m	SL3846	yieN
4110567	p	SL3847	kup
4110593	m	SL3846	yieN
4110680	p	SL3847	kup
4110685	m	SL3846	yieN
4110701	p	SL3847	kup
4110772	m	SL3846	yieN
4112431	p	SL3847	kup
4112940	p	SL3848	rbsD
4116665	p	SL3852	rbsK
4116795	p	SL3852	rbsK
4117937	m	SL3853	rbsR
4120406	p	SL3857	yieP
4127181	p	SL3858	yifA
4127951	m	SL3858	yifA
4128009	p	SL3859	yifE
4130167	p	SL3861	ilvX
4130247	p	SL3861	ilvX
4132348	p	SL3863	ilvE
4133361	m	SL3863	ilvE
4136531	p	SL3865	ilvA
4137154	p	SL3866	
4137156	p	SL3866	
4138802	m	SL3868	ilvY
4138854	p	SL3869	ilvC
4140796	m	SL3870	ppiC
4140845	p	SL3871	
4141280	p	SL3872	rep
4142932	p	SL3872	rep
4146237	m	SL3874	rhlB
4146257	p	SL3875	trxA
4146298	p	SL3875	trxA
4146332	m	SL3874	rhlB
4146500	p	SL3875	trxA
4146874	p	SL3876	rho
4146907	p	SL3876	rho
4148567	m	SL3877	rfe
4148589	p	SL3877	rfe
4160901	p	SL3889	yifK
4162243	p	SL3889	yifK
4163192	p	GlmZ	
4164646	m	SL3890	hemY
4165841	m	SL3891	hemX
4166239	m	SL3892	hemD
4167483	p	SL3894	cyaA
4167543	p	SL3894	cyaA
4167558	m	SL3893	hemC
4167675	m	SL3893	hemC
4167706	m	SL3893	hemC
4167719	p	SL3894	cyaA
4167766	p	SL3894	cyaA
4168311	m	SL3894	cyaA
4168728	m	SL3894	cyaA
4171018	p	SL3896	
4172436	m	SL3898	cyaY
4173382	p	SL3900	yifL
4173538	p	SL3900	yifL
4174233	p	SL3902	yigA
4176956	p	SL3905	uvrD
4176959	p	SL3905	uvrD
4179370	p	SL3906	corA
4179408	p	SL3906	corA
4179482	p	SL3906	corA
4182505	m	SL3909	rarD
4182516	m	SL3909	rarD
4183031	m	SL3910	yigI
4183053	p	SL3911	pldA
4183122	p	SL3911	pldA
4183994	p	SL3912	recQ
4184082	p	SL3912	recQ
4184850	p	SL3912	recQ
4185983	p	SL3913	rhtC
4187336	p	SL3915	pldB
4189294	p	SL3917	yigM
4191097	m	SL3918	metR
4191128	p	SL3919	metE
4191675	m	SL3919	metE
4196164	m	SL3921	dlhH
4196166	p	SL3922	udp
4196242	p	SL3922	udp
4196368	p	SL3922	udp
4197021	p	SL3923	yigN
4198808	p	SL3924	ubiE
4199369	p	SL3925	yigP
4199396	m	SL3924	ubiE
4201445	p	SL3926	aarF
4202015	p	SL3927	tatA
4204536	p	SL3931	rfaH
4204548	p	SL3931	rfaH
4204979	m	SL3931	rfaH
4205008	m	SL3931	rfaH
4205127	p	SL3932	yigC
4206621	p	SL3933	fre
4208363	p	SL3934	
4208457	m	SL3934	
4213086	m	SL3936	fadB
4213203	p	SL3937	pepQ
4214992	p	SL3939	trkH
4224266	p	SL3943	yihD
4224361	m	SL3942	mobA
4224608	p	SL3944	yihE
4224930	m	SL3944	rodA
4225471	p	SL3945	dsbA
4227230	m	SL3946	yihG
4227542	p	SL3947	polA
4228939	m	SL3947	polA
4229487	p	SL3947	polA
4230504	p	Spf	
4230806	m	SL3948	engB
4231350	m	SL3948	engB
4231558	m	SL3948	engB
4231595	p	CsrC	
4231866	p	SL3950	yihI
4232507	p	SL3951	hemN
4234202	m	SL3951A	yshB
4238522	m	SL3954	glnA
4238588	p	SL3955	typA
4238795	p	SL3955	typA
4242860	p	SL3958	
4243897	p	SL3959	
4246759	p	SL3962	ompL
4249942	p	STnc3120	
4251986	p	SL3965	yihQ
4257167	p	SL3971	yihW
4258143	p	SL3972	yihX
4258162	p	SL3972	yihX
4259601	p	SL3974	yihZ
4261554	m	SL3976	
4261871	m	SL3977	
4262879	m		
4262881	m		
4263060	p	SL3979	
4264785	m	SL3981	fdhE
4264795	m	SL3981	fdhE
4269363	p	SL3986	fdhD
4269387	m	SL3984	fdoG
4271127	p	SL3987	
4271339	p	SL3987	
4271529	m	SL3987	
4274223	m	SL3390	
4274239	p	SL3991	
4274800	p	SL3991	
4276619	m	SL3994	rhaD
4280447	p	SL3997	rhaS
4281372	m	SL3997	rhaS
4281389	p	SL3998	rhaR
4281392	p	SL3998	rhaR
4287925	p	SL4004	sodA
4291972	m	SL4008	cpxR
4291997	p	SL4009	cpxP
4292173	m	SL4008	cpxR
4292246	m	SL4008	cpxR
4292661	p	SL4010	fieF
4293166	p	SL4010	fieF
4293687	p	SL4011	pfkA
4294905	p	SL4012	sbp
4295999	p	SL4013	cdh-a
4300238	p	SL4017	
4301164	m	SL4017	
4303558	m	SL4021	ydeV
4304723	m	SL4022	ydeW
4304876	p	SL4023	ego
4311086	m	SL4029	
4312610	m	SL4030	tpiA
4313202	m	SL4031	yiiQ
4313256	p	SL4032	yiiR
4314199	p	SL4033	fpr
4314585	m	SL4033	fpr
4315693	m	SL4034	glpX
4318181	p	SL4037	yiiU
4318230	m	SL4036	glpF
4318368	m	SL4036	glpF
4318496	p	SL4037	yiiU
4319525	m	SL4038	menG
4321215	m	SL4040	hslU
4322519	m	SL4041	hslV
4323555	m	SL4042	ftsN
4324699	m	SL4043	cytR
4327021	m	SL4044	
4327041	p	SL4045	rpmE
4327047	p	SL4045	rpmE
4327098	p	SL4045	rpmE
4327100	p	SL4045	rpmE
4328157	p	IsrP	
4330947	m	SL4048	metJ
4331010	m	SL4048	metJ
4331118	p	SL4049	metB
4334855	m	STnc4070	
4339900	p	SL4055	metF
4339929	m	STnc4080	
4340589	m	SL4055	metF
4340911	m	SL4055	metF
4340975	p	SL4056	katG
4340997	p	SL4056	katG
4348517	m	SL4060	ptsA
4351658	m	SL4063	pflD
4351682	p	SL4063	pflD
4352248	p	SL4064	pflC
4354610	m	SL4066	yijO
4356503	m	SL4068	yijP
4356601	m	SL4068	yijP
4356616	p	STnc1600	
4359494	m	SL4069	ppc
4359581	p		
4360898	p	SL4071	argC
4360902	p	SL4071	argC
4362847	m	SL4073	argH
4364235	m		
4364423	m	OxyS	
4364485	p	SL4074	oxyR
4366954	p	SL4076	yijC
4366974	p	SL4076	yijC
4366991	p	SL4076	yijC
4367621	m	SL4076	yijC
4368106	m	SL4078	trmA
4369199	m	SL4078	trmA
4369304	p	SL4079	btuB
4371309	p	SL4080	murI
4377980	p	SL4081	murB
4381074	m	SL4083	coaA
4381150	m	SL4083	coaA
4383167	p	SL4086	secE
4384344	p	SL4088	rplK
4385616	p	SL4090	rplJ
4386536	p	SL4091	rplL
4395691	m	STnc3490	
4396478	m	SL4095	
4396640	p	SL4096	sseK1
4397990	p	SL4097	
4403603	p	SL4103	thiC
4404049	m	STnc1460	
4404621	m	SL4104	rsd
4404714	m	SL4104	rsd
4405453	p	SL4106	hemE
4407240	p	SL4108	yjaG
4407935	p	SL4109	hupA
4409551	p	SL4112	hydH
4409731	p	SL4112	hydH
4409733	p	SL4112	hydH
4415477	m	SL4115	purH
4421992	m	SL4116	yjaB
4422085	p	SL4117	metA
4423254	p	SL4118	aceB
4429348	m	SL4122	iclR
4429600	p	SL4123	metH
4433402	p	SL4124	yjbB
4436006	m	SL4125	pepE
4436065	p	SL4127	
4437929	m	SL4129	yjbD
4439006	m	SL4130	
4446023	p	SL4139	
4448562	m	SL4141	gtrAb
4448593	m	SL4141	gtrAb
4448720	p	STnc4100	
4459159	p	SL4155	
4461191	m	SL4156	lysC
4461346	p	SL4157	pgi
4461420	p	SL4157	pgi
4463821	m	SL4159	yjbF
4466108	m	SL4161	yjbH
4467437	p	SL4162	yjbA
4471852	m	SL4166	malE
4472124	p	SL4167	malK
4475966	p	SL4170	ubiC
4479883	p	SL4173	dgkA
4479928	m	SL4172	plsB
4480016	m	SL4172	plsB
4480064	m	SL4172	plsB
4480370	m	SL4173	dgkA
4480512	p	SL4174	lexA
4482710	p	SL4176	yjbJ
4482840	p	SL4176	yjbJ
4483636	m	SL4177	zur
4483741	m	SL4177	zur
4485220	p	SL4179	yjbN
4486361	p	SL4180	pspG
4486745	p	STnc880	
4487853	p	SL4182	dnaB
4487873	m	SL4181	qor
4490563	p	SL4184	tyrB
4491542	m	SL4184	tyrB
4491916	p	SL4185	aphA
4492787	p	SL4186	yjbQ
4496798	m	SL4190	uvrA
4497389	m	SL4190	uvrA
4497462	p	SL4192	ssb
4497472	p	SL4192	ssb
4497554	p	SL4192	ssb
4498679	p	SL4193	siiA
4505653	p	SL4197	siiE
4514973	m	SL4197	siiE
4516926	p	SL4197	siiE
4517053	p	SL4197	siiE
4518159	m	SL4197	siiE
4522325	p	SL4198	siiF
4522484	p	SL4198	siiF
4523241	m	SL4199	yjcB
4523497	p	SL4200	yjcC
4523590	p	SL4200	yjcC
4523609	p	SL4200	yjcC
4525626	m	SL4201	soxS
4525649	p	SL4202	soxR
4526302	m	SraL	
4526312	p	SL4203	
4526392	p	SL4203	
4526401	p	SL4203	
4527278	p	SL4204	yjcD
4527343	m	SL4204	yjcD
4528878	p	SL4205	yjcE
4531556	m	SL4206	
4531588	m	SL4206	
4531642	p	SL4207	
4536893	p	SL4212	
4536984	m	SL4211	acs
4537106	p	SL4212	
4537136	p	SL4212	
4537302	p	SL4213	nrfA
4539181	p	SL4215	nrfC
4541139	p	SL4217	nrfE
4544198	p	SL4219	gltP
4545039	p	SL4219	gltP
4546489	m	SL4220	yjcO
4548830	m	SL4221	SC4B5.11c
4550082	m	SL4223	lpxO
4551364	m	SL4225	phnB
4551857	m	SL4226	phnA
4552072	p	SL4227	proP
4552158	p	SL4227	proP
4553813	p	STnc630	
4555635	m	SL4229	basR
4557342	m	SL4230	yjdB
4558909	p	SL4232	adiY
4559783	m	SL4232	adiY
4560950	p	SL4233	adi
4562397	p	STnc4110	
4563442	m	SL4234	melR
4563667	p	SL4235	melA
4570229	m	SL4239	
4570328	p		
4571706	m	SL4241	dcuS
4572840	m	SL4241	dcuS
4573111	p	SL4242	
4573125	p	SL4242	
4579411	p	SL4247	
4580485	p	STnc440	
4581776	p	SL4251	rtsA
4582490	p		
4582497	m	SL4251	rtsA
4583114	p	SL4253	
4584424	m	SL4255	phoN
4584953	m	SL4255	phoN
4586555	p	SL4258	
4586945	m	SL4258	
4587948	m	SL4259	yjdC
4590024	m	SL4261	cutA
4591154	p	SL4262	dcuA
4591399	m	SL4262	dcuA
4591454	p	STnc3000	
4591543	m	SL4262	dcuA
4591935	m	SL4263	aspA
4593069	m	SL4263	aspA
4593241	p	SL4264	fxsA
4594032	m	SL4265	yjeH
4595123	m	SL4265	yjeH
4595144	m	SL4265	yjeH
4595283	p	SL4266	groES
4597541	p	SL4268	yjeI
4598848	m	SL4269	yjeJ
4599849	p	SL4271	efp
4600148	p	SL4271	efp
4600192	m	SL4270	yjeK
4600763	p	SL4272	ecnA
4601021	p	SL4273	ecnB
4601872	m	SL4274	ecnR
4602003	p	SL4275	sugE
4602973	m	SL4276	blc
4606448	m	SL4280	frdA
4606651	p	SL4281	yjeA
4609349	p	SL4283	yjeO
4609441	p	SL4283	yjeO
4609654	p	SL4283	yjeO
4615306	m	SL4286	yjeQ
4615316	m	SL4286	yjeQ
4615323	p	SL4287	orn
4615363	m	SL4286	yjeQ
4618559	p	SL4290	yjeF
4618974	m	SL4289	yjeS
4620061	p	SL4291	yjeE
4621962	p	SL4293	mutL
4623923	p	SL4294	miaA
4624269	p	SL4294	miaA
4624672	p	SL4294	miaA
4624924	p	SL4295	hfQ
4625091	p	SL4295	hfQ
4626867	p	SL4297	hflK
4629649	p	SL4299	purA
4629654	p	SL4299	purA
4631113	p	SL4300	nsrR
4631142	p	SL4300	nsrR
4642590	m	SL4312	yjfO
4642751	p	SL4313	yjfP
4644330	p	SL4314	yjfQ
4644368	m	SL4314	yjfQ
4650410	m	STnc4120	
4650683	m	SL4322	yjfY
4651001	p	SL4324	rpsF
4654318	m	SL4329	ytfB
4654323	m	SL4329	ytfB
4654394	m	SL4329	ytfB
4654481	p	SL4330	fklB
4655195	m	SL4330	fklB
4655245	p	SL4331	cycA
4655299	p	SL4331	cycA
4655349	p	SL4331	cycA
4657637	m	SL4332	ytfE
4658700	m	SL4333	ytfF
4658743	m	SL4333	ytfF
4659667	p	SL4335	ytfH
4661963	p	SL4337	cysQ
4662229	m	SL4336	cpdB
4662316	p	SL4337	cysQ
4663510	p	SL4339	ytfK
4663689	m	SL4338	ytfJ
4663788	p	SL4339	ytfK
4663853	p	SL4339	ytfK
4663889	p	SL4339	ytfK
4665495	m	SL4340	ytfL
4665598	p	SL4340	ytfL
4665699	m	SL4340	ytfL
4666492	p	SL4342	ytfM
4666513	m	SL4341	msrA
4666958	m	SL4342	ytfM
4671913	p	SL4344	ytfP
4672067	p	SL4344	ytfP
4672159	m	SL4344	ytfP
4673341	p	SL4345	
4674791	m	SL4346	
4674932	p		
4675884	m	SL4347	ppa
4677113	m	SL4348	fbp
4677229	p	SL4349	mpl
4679089	p	SL4350	iolR
4680118	m	SL4351	iolT1
4680966	p	SL4351	iolT1
4681405	m	SL4351	iolT1
4683227	p	SL4352	iolT2
4683469	m	STnc1740	
4683512	m	STnc1740	
4702333	m	SL4367	yjgA
4702393	p	SL4368	pmbA
4702399	m	SL4367	yjgA
4712007	p	SL4379	relB
4712039	p	SL4379	relB
4715453	m	SL4382	nrdD
4718839	m	SL4385	treB
4720006	p	SL4387	mgtA
4725643	m	SL4392	pyrL
4726628	p	SL4394	
4728866	p	SL4396	
4733369	m	SL4399	argI
4733471	p	SL4400	yjgD
4734859	p		
4736103	m	SL4403	yjgM
4740541	m	SL4405	valS
4740887	m	SL4406	holC
4742288	p	SL4407	pepA
4742599	p	SL4409	yjgP
4742778	p	SL4409	yjgP
4742828	m	SL4408	
4742840	p	SL4409	yjgP
4742854	m	SL4408	
4742951	p	SL4409	yjgP
4747147	m	SL4412	idnT
4749768	p	SL4415	idnK
4751396	m	SL4416	
4752586	p	SL4418	
4755795	p	SL4419	
4756017	p	SL4419	
4756044	p	SL4419	
4756116	p	SL4419	
4762086	m	SL4421	
4763748	m	SL4423	
4763906	m	SL4423	
4764615	m	SL4424	
4771515	p	SL4426	
4772470	m	SL4427	
4774026	m	SL4429	yeeN
4774451	p	SL4430	yjhP
4776588	m	SL4431	
4776762	p	SL4432	
4777743	p	SL4433	
4778995	p	SL4434	
4781322	m	SL4436	
4781602	p	SL4437	uxuR
4783583	m	SL4438	trpS2
4783806	p	SL4440	
4783982	p	SL4440	
4784880	p	SL4441	
4786583	m	SL4442	yjiE
4789052	m	SL4445	yjiH
4789486	p		
4789723	m	SL4445A	
4791068	m	SL4446	yjjJ
4791102	m	SL4446	yjjJ
4791124	p	STnc4260	
4791294	m	SL4446	yjjJ
4792538	m	SL4447	yjiN
4794112	m	SL4448	yjiO
4794555	p	SL4449	
4794931	m	SL4449	
4794989	p	SL4450	
4796571	p	SL4452	yjjS
4796863	m	STnc4130	
4797957	p	STnc1470	
4801325	m	SL4456	hsdM
4804900	m	SL4457	hsdR
4806189	p	SL4459	
4810385	m	SL4463	cstAb
4810600	p	SL4464	tsr
4810641	p	SL4464	tsr
4812624	p	SL4465	
4822620	m	SL4472	mdoB
4822656	m	SL4472	mdoB
4824582	m	SL4475	dnaT
4824694	m	SL4475	dnaT
4826036	m	SL4477	yjjP
4826205	m	SL4477	yjjP
4826249	m	SL4477	yjjP
4828618	m	SL4480	
4828665	p	SL4481	fhuF
4829540	p	SL4481	fhuF
4829545	m	SL4481	fhuF
4830802	m	SL4482	
4830804	m	SL4482	
4830893	m	SL4482	
4830917	p	SL4483	
4832466	p	SL4485	holD
4832772	m	SL4484	rsmC
4832828	p	SL4485	holD
4834414	p	SL4488	prfC
4836216	p	SL4489	osmY
4836259	m	SL4489	osmY
4837462	p	SL4490	yjjU
4841365	p	SL4493	yjjI
4841779	m	SL4493	yjjI
4844252	p	SL4496	deoB
4846540	m	STnc4140	
4850186	m	SL4500	stjC
4850621	p	SL4501	
4853031	m	SL4503	lplA
4853033	m	SL4503	lplA
4853709	m	SL4504	smp
4853724	p	SL4505	serB
4853754	p	SL4505	serB
4856247	p	SL4507	nadR
4856273	p	SL4507	nadR
4856395	m	SL4507	nadR
4859416	m	SL4508	yjjK
4859453	m	SL4509	slt
4859569	p	SL4509	slt
4861559	m	SL4509	slt
4862478	p	SL4512	gpmB
4862563	p	SL4512	gpmB
4863536	p	SL4513	rob
4863638	p	SL4513	rob
4864158	m	SL4513	rob
4864292	p	SL4514	creA
4874050	p		
4875050	m	SL4523	
4875068	m	SL4523	
4875148	m	SL4523	
4875766	m	SL4523A	
4876868	m	SL4525	arcA
4876878	m	SL4525	arcA
4876955	m	SL4525	arcA
4877082	m	SL4525	arcA
4877163	m	SL4525	arcA
4877173	m	SL4525	arcA